Start of simulation. Time: Tuesday, June 28, 2016 10:32:34 AM
Tuesday, June 28, 2016 10:32:34 AM Total Errors:     2, Errors this iteration:     2, Total Bits Simulated:         2, Bit Error Rate:  1.00, Percent errors found:  0.40
Tuesday, June 28, 2016 10:32:34 AM Total Errors:     4, Errors this iteration:     2, Total Bits Simulated:         4, Bit Error Rate:  1.00, Percent errors found:  0.80
Tuesday, June 28, 2016 10:32:34 AM Total Errors:     5, Errors this iteration:     1, Total Bits Simulated:         6, Bit Error Rate:  0.83, Percent errors found:  1.00
Tuesday, June 28, 2016 10:32:34 AM Total Errors:     6, Errors this iteration:     1, Total Bits Simulated:         8, Bit Error Rate:  0.75, Percent errors found:  1.20
Tuesday, June 28, 2016 10:32:34 AM Total Errors:     7, Errors this iteration:     1, Total Bits Simulated:        12, Bit Error Rate:  0.58, Percent errors found:  1.40
Tuesday, June 28, 2016 10:32:34 AM Total Errors:     9, Errors this iteration:     2, Total Bits Simulated:        14, Bit Error Rate:  0.64, Percent errors found:  1.80
Tuesday, June 28, 2016 10:32:34 AM Total Errors:    10, Errors this iteration:     1, Total Bits Simulated:        16, Bit Error Rate:  0.63, Percent errors found:  2.00
Tuesday, June 28, 2016 10:32:34 AM Total Errors:    12, Errors this iteration:     2, Total Bits Simulated:        18, Bit Error Rate:  0.67, Percent errors found:  2.40
Tuesday, June 28, 2016 10:32:34 AM Total Errors:    13, Errors this iteration:     1, Total Bits Simulated:        20, Bit Error Rate:  0.65, Percent errors found:  2.60
Tuesday, June 28, 2016 10:32:34 AM Total Errors:    15, Errors this iteration:     2, Total Bits Simulated:        22, Bit Error Rate:  0.68, Percent errors found:  3.00
Tuesday, June 28, 2016 10:32:34 AM Total Errors:    16, Errors this iteration:     1, Total Bits Simulated:        24, Bit Error Rate:  0.67, Percent errors found:  3.20
Tuesday, June 28, 2016 10:32:34 AM Total Errors:    18, Errors this iteration:     2, Total Bits Simulated:        26, Bit Error Rate:  0.69, Percent errors found:  3.60
Tuesday, June 28, 2016 10:32:34 AM Total Errors:    20, Errors this iteration:     2, Total Bits Simulated:        28, Bit Error Rate:  0.71, Percent errors found:  4.00
Tuesday, June 28, 2016 10:32:34 AM Total Errors:    22, Errors this iteration:     2, Total Bits Simulated:        32, Bit Error Rate:  0.69, Percent errors found:  4.40
Tuesday, June 28, 2016 10:32:34 AM Total Errors:    24, Errors this iteration:     2, Total Bits Simulated:        34, Bit Error Rate:  0.71, Percent errors found:  4.80
Tuesday, June 28, 2016 10:32:34 AM Total Errors:    25, Errors this iteration:     1, Total Bits Simulated:        36, Bit Error Rate:  0.69, Percent errors found:  5.00
Tuesday, June 28, 2016 10:32:34 AM Total Errors:    26, Errors this iteration:     1, Total Bits Simulated:        38, Bit Error Rate:  0.68, Percent errors found:  5.20
Tuesday, June 28, 2016 10:32:34 AM Total Errors:    28, Errors this iteration:     2, Total Bits Simulated:        40, Bit Error Rate:  0.70, Percent errors found:  5.60
Tuesday, June 28, 2016 10:32:34 AM Total Errors:    30, Errors this iteration:     2, Total Bits Simulated:        42, Bit Error Rate:  0.71, Percent errors found:  6.00
Tuesday, June 28, 2016 10:32:34 AM Total Errors:    32, Errors this iteration:     2, Total Bits Simulated:        44, Bit Error Rate:  0.73, Percent errors found:  6.40
Tuesday, June 28, 2016 10:32:34 AM Total Errors:    33, Errors this iteration:     1, Total Bits Simulated:        46, Bit Error Rate:  0.72, Percent errors found:  6.60
Tuesday, June 28, 2016 10:32:34 AM Total Errors:    34, Errors this iteration:     1, Total Bits Simulated:        48, Bit Error Rate:  0.71, Percent errors found:  6.80
Tuesday, June 28, 2016 10:32:34 AM Total Errors:    35, Errors this iteration:     1, Total Bits Simulated:        52, Bit Error Rate:  0.67, Percent errors found:  7.00
Tuesday, June 28, 2016 10:32:34 AM Total Errors:    37, Errors this iteration:     2, Total Bits Simulated:        54, Bit Error Rate:  0.69, Percent errors found:  7.40
Tuesday, June 28, 2016 10:32:35 AM Total Errors:    38, Errors this iteration:     1, Total Bits Simulated:        56, Bit Error Rate:  0.68, Percent errors found:  7.60
Tuesday, June 28, 2016 10:32:35 AM Total Errors:    39, Errors this iteration:     1, Total Bits Simulated:        58, Bit Error Rate:  0.67, Percent errors found:  7.80
Tuesday, June 28, 2016 10:32:35 AM Total Errors:    40, Errors this iteration:     1, Total Bits Simulated:        60, Bit Error Rate:  0.67, Percent errors found:  8.00
Tuesday, June 28, 2016 10:32:35 AM Total Errors:    41, Errors this iteration:     1, Total Bits Simulated:        62, Bit Error Rate:  0.66, Percent errors found:  8.20
Tuesday, June 28, 2016 10:32:35 AM Total Errors:    43, Errors this iteration:     2, Total Bits Simulated:        64, Bit Error Rate:  0.67, Percent errors found:  8.60
Tuesday, June 28, 2016 10:32:35 AM Total Errors:    45, Errors this iteration:     2, Total Bits Simulated:        66, Bit Error Rate:  0.68, Percent errors found:  9.00
Tuesday, June 28, 2016 10:32:35 AM Total Errors:    47, Errors this iteration:     2, Total Bits Simulated:        68, Bit Error Rate:  0.69, Percent errors found:  9.40
Tuesday, June 28, 2016 10:32:35 AM Total Errors:    48, Errors this iteration:     1, Total Bits Simulated:        70, Bit Error Rate:  0.69, Percent errors found:  9.60
Tuesday, June 28, 2016 10:32:35 AM Total Errors:    49, Errors this iteration:     1, Total Bits Simulated:        72, Bit Error Rate:  0.68, Percent errors found:  9.80
Tuesday, June 28, 2016 10:32:35 AM Total Errors:    50, Errors this iteration:     1, Total Bits Simulated:        74, Bit Error Rate:  0.68, Percent errors found:  10.00
Tuesday, June 28, 2016 10:32:35 AM Total Errors:    52, Errors this iteration:     2, Total Bits Simulated:        76, Bit Error Rate:  0.68, Percent errors found:  10.40
Tuesday, June 28, 2016 10:32:35 AM Total Errors:    53, Errors this iteration:     1, Total Bits Simulated:        80, Bit Error Rate:  0.66, Percent errors found:  10.60
Tuesday, June 28, 2016 10:32:35 AM Total Errors:    54, Errors this iteration:     1, Total Bits Simulated:        82, Bit Error Rate:  0.66, Percent errors found:  10.80
Tuesday, June 28, 2016 10:32:35 AM Total Errors:    56, Errors this iteration:     2, Total Bits Simulated:        84, Bit Error Rate:  0.67, Percent errors found:  11.20
Tuesday, June 28, 2016 10:32:35 AM Total Errors:    57, Errors this iteration:     1, Total Bits Simulated:        86, Bit Error Rate:  0.66, Percent errors found:  11.40
Tuesday, June 28, 2016 10:32:35 AM Total Errors:    59, Errors this iteration:     2, Total Bits Simulated:        88, Bit Error Rate:  0.67, Percent errors found:  11.80
Tuesday, June 28, 2016 10:32:35 AM Total Errors:    60, Errors this iteration:     1, Total Bits Simulated:        90, Bit Error Rate:  0.67, Percent errors found:  12.00
Tuesday, June 28, 2016 10:32:35 AM Total Errors:    62, Errors this iteration:     2, Total Bits Simulated:        94, Bit Error Rate:  0.66, Percent errors found:  12.40
Tuesday, June 28, 2016 10:32:35 AM Total Errors:    64, Errors this iteration:     2, Total Bits Simulated:        96, Bit Error Rate:  0.67, Percent errors found:  12.80
Tuesday, June 28, 2016 10:32:35 AM Total Errors:    66, Errors this iteration:     2, Total Bits Simulated:       100, Bit Error Rate:  0.66, Percent errors found:  13.20
Tuesday, June 28, 2016 10:32:35 AM Total Errors:    68, Errors this iteration:     2, Total Bits Simulated:       102, Bit Error Rate:  0.67, Percent errors found:  13.60
Tuesday, June 28, 2016 10:32:35 AM Total Errors:    69, Errors this iteration:     1, Total Bits Simulated:       106, Bit Error Rate:  0.65, Percent errors found:  13.80
Tuesday, June 28, 2016 10:32:35 AM Total Errors:    71, Errors this iteration:     2, Total Bits Simulated:       108, Bit Error Rate:  0.66, Percent errors found:  14.20
Tuesday, June 28, 2016 10:32:35 AM Total Errors:    72, Errors this iteration:     1, Total Bits Simulated:       112, Bit Error Rate:  0.64, Percent errors found:  14.40
Tuesday, June 28, 2016 10:32:35 AM Total Errors:    74, Errors this iteration:     2, Total Bits Simulated:       114, Bit Error Rate:  0.65, Percent errors found:  14.80
Tuesday, June 28, 2016 10:32:35 AM Total Errors:    76, Errors this iteration:     2, Total Bits Simulated:       116, Bit Error Rate:  0.66, Percent errors found:  15.20
Tuesday, June 28, 2016 10:32:35 AM Total Errors:    78, Errors this iteration:     2, Total Bits Simulated:       118, Bit Error Rate:  0.66, Percent errors found:  15.60
Tuesday, June 28, 2016 10:32:35 AM Total Errors:    79, Errors this iteration:     1, Total Bits Simulated:       120, Bit Error Rate:  0.66, Percent errors found:  15.80
Tuesday, June 28, 2016 10:32:35 AM Total Errors:    81, Errors this iteration:     2, Total Bits Simulated:       122, Bit Error Rate:  0.66, Percent errors found:  16.20
Tuesday, June 28, 2016 10:32:35 AM Total Errors:    83, Errors this iteration:     2, Total Bits Simulated:       124, Bit Error Rate:  0.67, Percent errors found:  16.60
Tuesday, June 28, 2016 10:32:35 AM Total Errors:    85, Errors this iteration:     2, Total Bits Simulated:       126, Bit Error Rate:  0.67, Percent errors found:  17.00
Tuesday, June 28, 2016 10:32:35 AM Total Errors:    87, Errors this iteration:     2, Total Bits Simulated:       128, Bit Error Rate:  0.68, Percent errors found:  17.40
Tuesday, June 28, 2016 10:32:35 AM Total Errors:    89, Errors this iteration:     2, Total Bits Simulated:       132, Bit Error Rate:  0.67, Percent errors found:  17.80
Tuesday, June 28, 2016 10:32:35 AM Total Errors:    90, Errors this iteration:     1, Total Bits Simulated:       134, Bit Error Rate:  0.67, Percent errors found:  18.00
Tuesday, June 28, 2016 10:32:35 AM Total Errors:    91, Errors this iteration:     1, Total Bits Simulated:       136, Bit Error Rate:  0.67, Percent errors found:  18.20
Tuesday, June 28, 2016 10:32:35 AM Total Errors:    93, Errors this iteration:     2, Total Bits Simulated:       138, Bit Error Rate:  0.67, Percent errors found:  18.60
Tuesday, June 28, 2016 10:32:35 AM Total Errors:    94, Errors this iteration:     1, Total Bits Simulated:       140, Bit Error Rate:  0.67, Percent errors found:  18.80
Tuesday, June 28, 2016 10:32:35 AM Total Errors:    95, Errors this iteration:     1, Total Bits Simulated:       142, Bit Error Rate:  0.67, Percent errors found:  19.00
Tuesday, June 28, 2016 10:32:35 AM Total Errors:    97, Errors this iteration:     2, Total Bits Simulated:       144, Bit Error Rate:  0.67, Percent errors found:  19.40
Tuesday, June 28, 2016 10:32:35 AM Total Errors:    99, Errors this iteration:     2, Total Bits Simulated:       146, Bit Error Rate:  0.68, Percent errors found:  19.80
Tuesday, June 28, 2016 10:32:35 AM Total Errors:   101, Errors this iteration:     2, Total Bits Simulated:       148, Bit Error Rate:  0.68, Percent errors found:  20.20
Tuesday, June 28, 2016 10:32:35 AM Total Errors:   103, Errors this iteration:     2, Total Bits Simulated:       150, Bit Error Rate:  0.69, Percent errors found:  20.60
Tuesday, June 28, 2016 10:32:35 AM Total Errors:   105, Errors this iteration:     2, Total Bits Simulated:       152, Bit Error Rate:  0.69, Percent errors found:  21.00
Tuesday, June 28, 2016 10:32:35 AM Total Errors:   106, Errors this iteration:     1, Total Bits Simulated:       154, Bit Error Rate:  0.69, Percent errors found:  21.20
Tuesday, June 28, 2016 10:32:35 AM Total Errors:   107, Errors this iteration:     1, Total Bits Simulated:       156, Bit Error Rate:  0.69, Percent errors found:  21.40
Tuesday, June 28, 2016 10:32:35 AM Total Errors:   109, Errors this iteration:     2, Total Bits Simulated:       158, Bit Error Rate:  0.69, Percent errors found:  21.80
Tuesday, June 28, 2016 10:32:35 AM Total Errors:   111, Errors this iteration:     2, Total Bits Simulated:       160, Bit Error Rate:  0.69, Percent errors found:  22.20
Tuesday, June 28, 2016 10:32:35 AM Total Errors:   113, Errors this iteration:     2, Total Bits Simulated:       162, Bit Error Rate:  0.70, Percent errors found:  22.60
Tuesday, June 28, 2016 10:32:35 AM Total Errors:   114, Errors this iteration:     1, Total Bits Simulated:       164, Bit Error Rate:  0.70, Percent errors found:  22.80
Tuesday, June 28, 2016 10:32:35 AM Total Errors:   116, Errors this iteration:     2, Total Bits Simulated:       166, Bit Error Rate:  0.70, Percent errors found:  23.20
Tuesday, June 28, 2016 10:32:35 AM Total Errors:   117, Errors this iteration:     1, Total Bits Simulated:       168, Bit Error Rate:  0.70, Percent errors found:  23.40
Tuesday, June 28, 2016 10:32:35 AM Total Errors:   119, Errors this iteration:     2, Total Bits Simulated:       170, Bit Error Rate:  0.70, Percent errors found:  23.80
Tuesday, June 28, 2016 10:32:35 AM Total Errors:   120, Errors this iteration:     1, Total Bits Simulated:       172, Bit Error Rate:  0.70, Percent errors found:  24.00
Tuesday, June 28, 2016 10:32:35 AM Total Errors:   122, Errors this iteration:     2, Total Bits Simulated:       174, Bit Error Rate:  0.70, Percent errors found:  24.40
Tuesday, June 28, 2016 10:32:35 AM Total Errors:   123, Errors this iteration:     1, Total Bits Simulated:       176, Bit Error Rate:  0.70, Percent errors found:  24.60
Tuesday, June 28, 2016 10:32:35 AM Total Errors:   125, Errors this iteration:     2, Total Bits Simulated:       178, Bit Error Rate:  0.70, Percent errors found:  25.00
Tuesday, June 28, 2016 10:32:35 AM Total Errors:   127, Errors this iteration:     2, Total Bits Simulated:       180, Bit Error Rate:  0.71, Percent errors found:  25.40
Tuesday, June 28, 2016 10:32:35 AM Total Errors:   129, Errors this iteration:     2, Total Bits Simulated:       182, Bit Error Rate:  0.71, Percent errors found:  25.80
Tuesday, June 28, 2016 10:32:35 AM Total Errors:   130, Errors this iteration:     1, Total Bits Simulated:       184, Bit Error Rate:  0.71, Percent errors found:  26.00
Tuesday, June 28, 2016 10:32:35 AM Total Errors:   131, Errors this iteration:     1, Total Bits Simulated:       186, Bit Error Rate:  0.70, Percent errors found:  26.20
Tuesday, June 28, 2016 10:32:35 AM Total Errors:   132, Errors this iteration:     1, Total Bits Simulated:       188, Bit Error Rate:  0.70, Percent errors found:  26.40
Tuesday, June 28, 2016 10:32:35 AM Total Errors:   134, Errors this iteration:     2, Total Bits Simulated:       192, Bit Error Rate:  0.70, Percent errors found:  26.80
Tuesday, June 28, 2016 10:32:35 AM Total Errors:   136, Errors this iteration:     2, Total Bits Simulated:       194, Bit Error Rate:  0.70, Percent errors found:  27.20
Tuesday, June 28, 2016 10:32:35 AM Total Errors:   137, Errors this iteration:     1, Total Bits Simulated:       196, Bit Error Rate:  0.70, Percent errors found:  27.40
Tuesday, June 28, 2016 10:32:35 AM Total Errors:   138, Errors this iteration:     1, Total Bits Simulated:       198, Bit Error Rate:  0.70, Percent errors found:  27.60
Tuesday, June 28, 2016 10:32:35 AM Total Errors:   140, Errors this iteration:     2, Total Bits Simulated:       200, Bit Error Rate:  0.70, Percent errors found:  28.00
Tuesday, June 28, 2016 10:32:35 AM Total Errors:   142, Errors this iteration:     2, Total Bits Simulated:       202, Bit Error Rate:  0.70, Percent errors found:  28.40
Tuesday, June 28, 2016 10:32:35 AM Total Errors:   143, Errors this iteration:     1, Total Bits Simulated:       204, Bit Error Rate:  0.70, Percent errors found:  28.60
Tuesday, June 28, 2016 10:32:35 AM Total Errors:   144, Errors this iteration:     1, Total Bits Simulated:       206, Bit Error Rate:  0.70, Percent errors found:  28.80
Tuesday, June 28, 2016 10:32:35 AM Total Errors:   145, Errors this iteration:     1, Total Bits Simulated:       208, Bit Error Rate:  0.70, Percent errors found:  29.00
Tuesday, June 28, 2016 10:32:35 AM Total Errors:   146, Errors this iteration:     1, Total Bits Simulated:       210, Bit Error Rate:  0.70, Percent errors found:  29.20
Tuesday, June 28, 2016 10:32:35 AM Total Errors:   148, Errors this iteration:     2, Total Bits Simulated:       212, Bit Error Rate:  0.70, Percent errors found:  29.60
Tuesday, June 28, 2016 10:32:35 AM Total Errors:   150, Errors this iteration:     2, Total Bits Simulated:       218, Bit Error Rate:  0.69, Percent errors found:  30.00
Tuesday, June 28, 2016 10:32:35 AM Total Errors:   151, Errors this iteration:     1, Total Bits Simulated:       220, Bit Error Rate:  0.69, Percent errors found:  30.20
Tuesday, June 28, 2016 10:32:36 AM Total Errors:   153, Errors this iteration:     2, Total Bits Simulated:       222, Bit Error Rate:  0.69, Percent errors found:  30.60
Tuesday, June 28, 2016 10:32:36 AM Total Errors:   155, Errors this iteration:     2, Total Bits Simulated:       224, Bit Error Rate:  0.69, Percent errors found:  31.00
Tuesday, June 28, 2016 10:32:36 AM Total Errors:   157, Errors this iteration:     2, Total Bits Simulated:       226, Bit Error Rate:  0.69, Percent errors found:  31.40
Tuesday, June 28, 2016 10:32:36 AM Total Errors:   159, Errors this iteration:     2, Total Bits Simulated:       230, Bit Error Rate:  0.69, Percent errors found:  31.80
Tuesday, June 28, 2016 10:32:36 AM Total Errors:   160, Errors this iteration:     1, Total Bits Simulated:       232, Bit Error Rate:  0.69, Percent errors found:  32.00
Tuesday, June 28, 2016 10:32:36 AM Total Errors:   161, Errors this iteration:     1, Total Bits Simulated:       234, Bit Error Rate:  0.69, Percent errors found:  32.20
Tuesday, June 28, 2016 10:32:36 AM Total Errors:   162, Errors this iteration:     1, Total Bits Simulated:       238, Bit Error Rate:  0.68, Percent errors found:  32.40
Tuesday, June 28, 2016 10:32:36 AM Total Errors:   164, Errors this iteration:     2, Total Bits Simulated:       240, Bit Error Rate:  0.68, Percent errors found:  32.80
Tuesday, June 28, 2016 10:32:36 AM Total Errors:   165, Errors this iteration:     1, Total Bits Simulated:       242, Bit Error Rate:  0.68, Percent errors found:  33.00
Tuesday, June 28, 2016 10:32:36 AM Total Errors:   166, Errors this iteration:     1, Total Bits Simulated:       244, Bit Error Rate:  0.68, Percent errors found:  33.20
Tuesday, June 28, 2016 10:32:36 AM Total Errors:   168, Errors this iteration:     2, Total Bits Simulated:       246, Bit Error Rate:  0.68, Percent errors found:  33.60
Tuesday, June 28, 2016 10:32:36 AM Total Errors:   170, Errors this iteration:     2, Total Bits Simulated:       248, Bit Error Rate:  0.69, Percent errors found:  34.00
Tuesday, June 28, 2016 10:32:36 AM Total Errors:   172, Errors this iteration:     2, Total Bits Simulated:       250, Bit Error Rate:  0.69, Percent errors found:  34.40
Tuesday, June 28, 2016 10:32:36 AM Total Errors:   173, Errors this iteration:     1, Total Bits Simulated:       252, Bit Error Rate:  0.69, Percent errors found:  34.60
Tuesday, June 28, 2016 10:32:36 AM Total Errors:   175, Errors this iteration:     2, Total Bits Simulated:       254, Bit Error Rate:  0.69, Percent errors found:  35.00
Tuesday, June 28, 2016 10:32:36 AM Total Errors:   177, Errors this iteration:     2, Total Bits Simulated:       256, Bit Error Rate:  0.69, Percent errors found:  35.40
Tuesday, June 28, 2016 10:32:36 AM Total Errors:   178, Errors this iteration:     1, Total Bits Simulated:       258, Bit Error Rate:  0.69, Percent errors found:  35.60
Tuesday, June 28, 2016 10:32:36 AM Total Errors:   180, Errors this iteration:     2, Total Bits Simulated:       260, Bit Error Rate:  0.69, Percent errors found:  36.00
Tuesday, June 28, 2016 10:32:36 AM Total Errors:   182, Errors this iteration:     2, Total Bits Simulated:       262, Bit Error Rate:  0.69, Percent errors found:  36.40
Tuesday, June 28, 2016 10:32:36 AM Total Errors:   183, Errors this iteration:     1, Total Bits Simulated:       264, Bit Error Rate:  0.69, Percent errors found:  36.60
Tuesday, June 28, 2016 10:32:36 AM Total Errors:   185, Errors this iteration:     2, Total Bits Simulated:       266, Bit Error Rate:  0.70, Percent errors found:  37.00
Tuesday, June 28, 2016 10:32:36 AM Total Errors:   186, Errors this iteration:     1, Total Bits Simulated:       270, Bit Error Rate:  0.69, Percent errors found:  37.20
Tuesday, June 28, 2016 10:32:36 AM Total Errors:   187, Errors this iteration:     1, Total Bits Simulated:       272, Bit Error Rate:  0.69, Percent errors found:  37.40
Tuesday, June 28, 2016 10:32:36 AM Total Errors:   189, Errors this iteration:     2, Total Bits Simulated:       274, Bit Error Rate:  0.69, Percent errors found:  37.80
Tuesday, June 28, 2016 10:32:36 AM Total Errors:   191, Errors this iteration:     2, Total Bits Simulated:       276, Bit Error Rate:  0.69, Percent errors found:  38.20
Tuesday, June 28, 2016 10:32:36 AM Total Errors:   192, Errors this iteration:     1, Total Bits Simulated:       278, Bit Error Rate:  0.69, Percent errors found:  38.40
Tuesday, June 28, 2016 10:32:36 AM Total Errors:   194, Errors this iteration:     2, Total Bits Simulated:       280, Bit Error Rate:  0.69, Percent errors found:  38.80
Tuesday, June 28, 2016 10:32:36 AM Total Errors:   196, Errors this iteration:     2, Total Bits Simulated:       282, Bit Error Rate:  0.70, Percent errors found:  39.20
Tuesday, June 28, 2016 10:32:36 AM Total Errors:   198, Errors this iteration:     2, Total Bits Simulated:       284, Bit Error Rate:  0.70, Percent errors found:  39.60
Tuesday, June 28, 2016 10:32:36 AM Total Errors:   199, Errors this iteration:     1, Total Bits Simulated:       286, Bit Error Rate:  0.70, Percent errors found:  39.80
Tuesday, June 28, 2016 10:32:36 AM Total Errors:   201, Errors this iteration:     2, Total Bits Simulated:       288, Bit Error Rate:  0.70, Percent errors found:  40.20
Tuesday, June 28, 2016 10:32:36 AM Total Errors:   202, Errors this iteration:     1, Total Bits Simulated:       290, Bit Error Rate:  0.70, Percent errors found:  40.40
Tuesday, June 28, 2016 10:32:36 AM Total Errors:   203, Errors this iteration:     1, Total Bits Simulated:       292, Bit Error Rate:  0.70, Percent errors found:  40.60
Tuesday, June 28, 2016 10:32:36 AM Total Errors:   205, Errors this iteration:     2, Total Bits Simulated:       294, Bit Error Rate:  0.70, Percent errors found:  41.00
Tuesday, June 28, 2016 10:32:36 AM Total Errors:   207, Errors this iteration:     2, Total Bits Simulated:       296, Bit Error Rate:  0.70, Percent errors found:  41.40
Tuesday, June 28, 2016 10:32:36 AM Total Errors:   208, Errors this iteration:     1, Total Bits Simulated:       298, Bit Error Rate:  0.70, Percent errors found:  41.60
Tuesday, June 28, 2016 10:32:36 AM Total Errors:   210, Errors this iteration:     2, Total Bits Simulated:       300, Bit Error Rate:  0.70, Percent errors found:  42.00
Tuesday, June 28, 2016 10:32:36 AM Total Errors:   212, Errors this iteration:     2, Total Bits Simulated:       302, Bit Error Rate:  0.70, Percent errors found:  42.40
Tuesday, June 28, 2016 10:32:36 AM Total Errors:   214, Errors this iteration:     2, Total Bits Simulated:       304, Bit Error Rate:  0.70, Percent errors found:  42.80
Tuesday, June 28, 2016 10:32:36 AM Total Errors:   216, Errors this iteration:     2, Total Bits Simulated:       306, Bit Error Rate:  0.71, Percent errors found:  43.20
Tuesday, June 28, 2016 10:32:36 AM Total Errors:   217, Errors this iteration:     1, Total Bits Simulated:       308, Bit Error Rate:  0.70, Percent errors found:  43.40
Tuesday, June 28, 2016 10:32:36 AM Total Errors:   219, Errors this iteration:     2, Total Bits Simulated:       310, Bit Error Rate:  0.71, Percent errors found:  43.80
Tuesday, June 28, 2016 10:32:36 AM Total Errors:   220, Errors this iteration:     1, Total Bits Simulated:       312, Bit Error Rate:  0.71, Percent errors found:  44.00
Tuesday, June 28, 2016 10:32:36 AM Total Errors:   221, Errors this iteration:     1, Total Bits Simulated:       316, Bit Error Rate:  0.70, Percent errors found:  44.20
Tuesday, June 28, 2016 10:32:36 AM Total Errors:   223, Errors this iteration:     2, Total Bits Simulated:       318, Bit Error Rate:  0.70, Percent errors found:  44.60
Tuesday, June 28, 2016 10:32:36 AM Total Errors:   224, Errors this iteration:     1, Total Bits Simulated:       320, Bit Error Rate:  0.70, Percent errors found:  44.80
Tuesday, June 28, 2016 10:32:36 AM Total Errors:   225, Errors this iteration:     1, Total Bits Simulated:       322, Bit Error Rate:  0.70, Percent errors found:  45.00
Tuesday, June 28, 2016 10:32:36 AM Total Errors:   226, Errors this iteration:     1, Total Bits Simulated:       324, Bit Error Rate:  0.70, Percent errors found:  45.20
Tuesday, June 28, 2016 10:32:36 AM Total Errors:   227, Errors this iteration:     1, Total Bits Simulated:       328, Bit Error Rate:  0.69, Percent errors found:  45.40
Tuesday, June 28, 2016 10:32:36 AM Total Errors:   228, Errors this iteration:     1, Total Bits Simulated:       330, Bit Error Rate:  0.69, Percent errors found:  45.60
Tuesday, June 28, 2016 10:32:36 AM Total Errors:   229, Errors this iteration:     1, Total Bits Simulated:       332, Bit Error Rate:  0.69, Percent errors found:  45.80
Tuesday, June 28, 2016 10:32:36 AM Total Errors:   231, Errors this iteration:     2, Total Bits Simulated:       334, Bit Error Rate:  0.69, Percent errors found:  46.20
Tuesday, June 28, 2016 10:32:36 AM Total Errors:   232, Errors this iteration:     1, Total Bits Simulated:       336, Bit Error Rate:  0.69, Percent errors found:  46.40
Tuesday, June 28, 2016 10:32:36 AM Total Errors:   234, Errors this iteration:     2, Total Bits Simulated:       338, Bit Error Rate:  0.69, Percent errors found:  46.80
Tuesday, June 28, 2016 10:32:36 AM Total Errors:   235, Errors this iteration:     1, Total Bits Simulated:       340, Bit Error Rate:  0.69, Percent errors found:  47.00
Tuesday, June 28, 2016 10:32:36 AM Total Errors:   237, Errors this iteration:     2, Total Bits Simulated:       342, Bit Error Rate:  0.69, Percent errors found:  47.40
Tuesday, June 28, 2016 10:32:36 AM Total Errors:   238, Errors this iteration:     1, Total Bits Simulated:       344, Bit Error Rate:  0.69, Percent errors found:  47.60
Tuesday, June 28, 2016 10:32:36 AM Total Errors:   239, Errors this iteration:     1, Total Bits Simulated:       346, Bit Error Rate:  0.69, Percent errors found:  47.80
Tuesday, June 28, 2016 10:32:36 AM Total Errors:   240, Errors this iteration:     1, Total Bits Simulated:       348, Bit Error Rate:  0.69, Percent errors found:  48.00
Tuesday, June 28, 2016 10:32:36 AM Total Errors:   241, Errors this iteration:     1, Total Bits Simulated:       350, Bit Error Rate:  0.69, Percent errors found:  48.20
Tuesday, June 28, 2016 10:32:36 AM Total Errors:   243, Errors this iteration:     2, Total Bits Simulated:       352, Bit Error Rate:  0.69, Percent errors found:  48.60
Tuesday, June 28, 2016 10:32:36 AM Total Errors:   244, Errors this iteration:     1, Total Bits Simulated:       354, Bit Error Rate:  0.69, Percent errors found:  48.80
Tuesday, June 28, 2016 10:32:36 AM Total Errors:   246, Errors this iteration:     2, Total Bits Simulated:       356, Bit Error Rate:  0.69, Percent errors found:  49.20
Tuesday, June 28, 2016 10:32:36 AM Total Errors:   248, Errors this iteration:     2, Total Bits Simulated:       358, Bit Error Rate:  0.69, Percent errors found:  49.60
Tuesday, June 28, 2016 10:32:36 AM Total Errors:   249, Errors this iteration:     1, Total Bits Simulated:       360, Bit Error Rate:  0.69, Percent errors found:  49.80
Tuesday, June 28, 2016 10:32:36 AM Total Errors:   250, Errors this iteration:     1, Total Bits Simulated:       362, Bit Error Rate:  0.69, Percent errors found:  50.00
Tuesday, June 28, 2016 10:32:36 AM Total Errors:   252, Errors this iteration:     2, Total Bits Simulated:       364, Bit Error Rate:  0.69, Percent errors found:  50.40
Tuesday, June 28, 2016 10:32:36 AM Total Errors:   254, Errors this iteration:     2, Total Bits Simulated:       366, Bit Error Rate:  0.69, Percent errors found:  50.80
Tuesday, June 28, 2016 10:32:37 AM Total Errors:   255, Errors this iteration:     1, Total Bits Simulated:       368, Bit Error Rate:  0.69, Percent errors found:  51.00
Tuesday, June 28, 2016 10:32:37 AM Total Errors:   257, Errors this iteration:     2, Total Bits Simulated:       370, Bit Error Rate:  0.69, Percent errors found:  51.40
Tuesday, June 28, 2016 10:32:37 AM Total Errors:   259, Errors this iteration:     2, Total Bits Simulated:       372, Bit Error Rate:  0.70, Percent errors found:  51.80
Tuesday, June 28, 2016 10:32:37 AM Total Errors:   260, Errors this iteration:     1, Total Bits Simulated:       374, Bit Error Rate:  0.70, Percent errors found:  52.00
Tuesday, June 28, 2016 10:32:37 AM Total Errors:   262, Errors this iteration:     2, Total Bits Simulated:       376, Bit Error Rate:  0.70, Percent errors found:  52.40
Tuesday, June 28, 2016 10:32:37 AM Total Errors:   263, Errors this iteration:     1, Total Bits Simulated:       380, Bit Error Rate:  0.69, Percent errors found:  52.60
Tuesday, June 28, 2016 10:32:37 AM Total Errors:   265, Errors this iteration:     2, Total Bits Simulated:       382, Bit Error Rate:  0.69, Percent errors found:  53.00
Tuesday, June 28, 2016 10:32:37 AM Total Errors:   267, Errors this iteration:     2, Total Bits Simulated:       384, Bit Error Rate:  0.70, Percent errors found:  53.40
Tuesday, June 28, 2016 10:32:37 AM Total Errors:   269, Errors this iteration:     2, Total Bits Simulated:       388, Bit Error Rate:  0.69, Percent errors found:  53.80
Tuesday, June 28, 2016 10:32:37 AM Total Errors:   270, Errors this iteration:     1, Total Bits Simulated:       390, Bit Error Rate:  0.69, Percent errors found:  54.00
Tuesday, June 28, 2016 10:32:37 AM Total Errors:   271, Errors this iteration:     1, Total Bits Simulated:       392, Bit Error Rate:  0.69, Percent errors found:  54.20
Tuesday, June 28, 2016 10:32:37 AM Total Errors:   273, Errors this iteration:     2, Total Bits Simulated:       394, Bit Error Rate:  0.69, Percent errors found:  54.60
Tuesday, June 28, 2016 10:32:37 AM Total Errors:   274, Errors this iteration:     1, Total Bits Simulated:       396, Bit Error Rate:  0.69, Percent errors found:  54.80
Tuesday, June 28, 2016 10:32:37 AM Total Errors:   275, Errors this iteration:     1, Total Bits Simulated:       400, Bit Error Rate:  0.69, Percent errors found:  55.00
Tuesday, June 28, 2016 10:32:37 AM Total Errors:   277, Errors this iteration:     2, Total Bits Simulated:       402, Bit Error Rate:  0.69, Percent errors found:  55.40
Tuesday, June 28, 2016 10:32:37 AM Total Errors:   278, Errors this iteration:     1, Total Bits Simulated:       404, Bit Error Rate:  0.69, Percent errors found:  55.60
Tuesday, June 28, 2016 10:32:37 AM Total Errors:   279, Errors this iteration:     1, Total Bits Simulated:       406, Bit Error Rate:  0.69, Percent errors found:  55.80
Tuesday, June 28, 2016 10:32:37 AM Total Errors:   280, Errors this iteration:     1, Total Bits Simulated:       408, Bit Error Rate:  0.69, Percent errors found:  56.00
Tuesday, June 28, 2016 10:32:37 AM Total Errors:   281, Errors this iteration:     1, Total Bits Simulated:       410, Bit Error Rate:  0.69, Percent errors found:  56.20
Tuesday, June 28, 2016 10:32:37 AM Total Errors:   282, Errors this iteration:     1, Total Bits Simulated:       412, Bit Error Rate:  0.68, Percent errors found:  56.40
Tuesday, June 28, 2016 10:32:37 AM Total Errors:   284, Errors this iteration:     2, Total Bits Simulated:       414, Bit Error Rate:  0.69, Percent errors found:  56.80
Tuesday, June 28, 2016 10:32:37 AM Total Errors:   285, Errors this iteration:     1, Total Bits Simulated:       416, Bit Error Rate:  0.69, Percent errors found:  57.00
Tuesday, June 28, 2016 10:32:37 AM Total Errors:   287, Errors this iteration:     2, Total Bits Simulated:       418, Bit Error Rate:  0.69, Percent errors found:  57.40
Tuesday, June 28, 2016 10:32:37 AM Total Errors:   289, Errors this iteration:     2, Total Bits Simulated:       420, Bit Error Rate:  0.69, Percent errors found:  57.80
Tuesday, June 28, 2016 10:32:37 AM Total Errors:   291, Errors this iteration:     2, Total Bits Simulated:       422, Bit Error Rate:  0.69, Percent errors found:  58.20
Tuesday, June 28, 2016 10:32:37 AM Total Errors:   293, Errors this iteration:     2, Total Bits Simulated:       424, Bit Error Rate:  0.69, Percent errors found:  58.60
Tuesday, June 28, 2016 10:32:37 AM Total Errors:   295, Errors this iteration:     2, Total Bits Simulated:       426, Bit Error Rate:  0.69, Percent errors found:  59.00
Tuesday, June 28, 2016 10:32:37 AM Total Errors:   296, Errors this iteration:     1, Total Bits Simulated:       428, Bit Error Rate:  0.69, Percent errors found:  59.20
Tuesday, June 28, 2016 10:32:37 AM Total Errors:   297, Errors this iteration:     1, Total Bits Simulated:       430, Bit Error Rate:  0.69, Percent errors found:  59.40
Tuesday, June 28, 2016 10:32:37 AM Total Errors:   298, Errors this iteration:     1, Total Bits Simulated:       432, Bit Error Rate:  0.69, Percent errors found:  59.60
Tuesday, June 28, 2016 10:32:37 AM Total Errors:   299, Errors this iteration:     1, Total Bits Simulated:       434, Bit Error Rate:  0.69, Percent errors found:  59.80
Tuesday, June 28, 2016 10:32:37 AM Total Errors:   301, Errors this iteration:     2, Total Bits Simulated:       436, Bit Error Rate:  0.69, Percent errors found:  60.20
Tuesday, June 28, 2016 10:32:37 AM Total Errors:   303, Errors this iteration:     2, Total Bits Simulated:       440, Bit Error Rate:  0.69, Percent errors found:  60.60
Tuesday, June 28, 2016 10:32:37 AM Total Errors:   305, Errors this iteration:     2, Total Bits Simulated:       442, Bit Error Rate:  0.69, Percent errors found:  61.00
Tuesday, June 28, 2016 10:32:37 AM Total Errors:   306, Errors this iteration:     1, Total Bits Simulated:       444, Bit Error Rate:  0.69, Percent errors found:  61.20
Tuesday, June 28, 2016 10:32:37 AM Total Errors:   308, Errors this iteration:     2, Total Bits Simulated:       446, Bit Error Rate:  0.69, Percent errors found:  61.60
Tuesday, June 28, 2016 10:32:37 AM Total Errors:   309, Errors this iteration:     1, Total Bits Simulated:       448, Bit Error Rate:  0.69, Percent errors found:  61.80
Tuesday, June 28, 2016 10:32:37 AM Total Errors:   311, Errors this iteration:     2, Total Bits Simulated:       450, Bit Error Rate:  0.69, Percent errors found:  62.20
Tuesday, June 28, 2016 10:32:37 AM Total Errors:   313, Errors this iteration:     2, Total Bits Simulated:       452, Bit Error Rate:  0.69, Percent errors found:  62.60
Tuesday, June 28, 2016 10:32:37 AM Total Errors:   314, Errors this iteration:     1, Total Bits Simulated:       458, Bit Error Rate:  0.69, Percent errors found:  62.80
Tuesday, June 28, 2016 10:32:37 AM Total Errors:   316, Errors this iteration:     2, Total Bits Simulated:       460, Bit Error Rate:  0.69, Percent errors found:  63.20
Tuesday, June 28, 2016 10:32:37 AM Total Errors:   318, Errors this iteration:     2, Total Bits Simulated:       462, Bit Error Rate:  0.69, Percent errors found:  63.60
Tuesday, June 28, 2016 10:32:37 AM Total Errors:   320, Errors this iteration:     2, Total Bits Simulated:       464, Bit Error Rate:  0.69, Percent errors found:  64.00
Tuesday, June 28, 2016 10:32:37 AM Total Errors:   322, Errors this iteration:     2, Total Bits Simulated:       466, Bit Error Rate:  0.69, Percent errors found:  64.40
Tuesday, June 28, 2016 10:32:37 AM Total Errors:   324, Errors this iteration:     2, Total Bits Simulated:       468, Bit Error Rate:  0.69, Percent errors found:  64.80
Tuesday, June 28, 2016 10:32:37 AM Total Errors:   325, Errors this iteration:     1, Total Bits Simulated:       470, Bit Error Rate:  0.69, Percent errors found:  65.00
Tuesday, June 28, 2016 10:32:37 AM Total Errors:   327, Errors this iteration:     2, Total Bits Simulated:       474, Bit Error Rate:  0.69, Percent errors found:  65.40
Tuesday, June 28, 2016 10:32:37 AM Total Errors:   329, Errors this iteration:     2, Total Bits Simulated:       476, Bit Error Rate:  0.69, Percent errors found:  65.80
Tuesday, June 28, 2016 10:32:37 AM Total Errors:   331, Errors this iteration:     2, Total Bits Simulated:       480, Bit Error Rate:  0.69, Percent errors found:  66.20
Tuesday, June 28, 2016 10:32:37 AM Total Errors:   332, Errors this iteration:     1, Total Bits Simulated:       484, Bit Error Rate:  0.69, Percent errors found:  66.40
Tuesday, June 28, 2016 10:32:37 AM Total Errors:   333, Errors this iteration:     1, Total Bits Simulated:       486, Bit Error Rate:  0.69, Percent errors found:  66.60
Tuesday, June 28, 2016 10:32:37 AM Total Errors:   334, Errors this iteration:     1, Total Bits Simulated:       488, Bit Error Rate:  0.68, Percent errors found:  66.80
Tuesday, June 28, 2016 10:32:37 AM Total Errors:   335, Errors this iteration:     1, Total Bits Simulated:       490, Bit Error Rate:  0.68, Percent errors found:  67.00
Tuesday, June 28, 2016 10:32:37 AM Total Errors:   336, Errors this iteration:     1, Total Bits Simulated:       492, Bit Error Rate:  0.68, Percent errors found:  67.20
Tuesday, June 28, 2016 10:32:37 AM Total Errors:   337, Errors this iteration:     1, Total Bits Simulated:       494, Bit Error Rate:  0.68, Percent errors found:  67.40
Tuesday, June 28, 2016 10:32:37 AM Total Errors:   339, Errors this iteration:     2, Total Bits Simulated:       496, Bit Error Rate:  0.68, Percent errors found:  67.80
Tuesday, June 28, 2016 10:32:37 AM Total Errors:   341, Errors this iteration:     2, Total Bits Simulated:       498, Bit Error Rate:  0.68, Percent errors found:  68.20
Tuesday, June 28, 2016 10:32:37 AM Total Errors:   343, Errors this iteration:     2, Total Bits Simulated:       500, Bit Error Rate:  0.69, Percent errors found:  68.60
Tuesday, June 28, 2016 10:32:37 AM Total Errors:   344, Errors this iteration:     1, Total Bits Simulated:       502, Bit Error Rate:  0.69, Percent errors found:  68.80
Tuesday, June 28, 2016 10:32:37 AM Total Errors:   346, Errors this iteration:     2, Total Bits Simulated:       504, Bit Error Rate:  0.69, Percent errors found:  69.20
Tuesday, June 28, 2016 10:32:37 AM Total Errors:   348, Errors this iteration:     2, Total Bits Simulated:       506, Bit Error Rate:  0.69, Percent errors found:  69.60
Tuesday, June 28, 2016 10:32:37 AM Total Errors:   349, Errors this iteration:     1, Total Bits Simulated:       508, Bit Error Rate:  0.69, Percent errors found:  69.80
Tuesday, June 28, 2016 10:32:37 AM Total Errors:   351, Errors this iteration:     2, Total Bits Simulated:       510, Bit Error Rate:  0.69, Percent errors found:  70.20
Tuesday, June 28, 2016 10:32:37 AM Total Errors:   353, Errors this iteration:     2, Total Bits Simulated:       512, Bit Error Rate:  0.69, Percent errors found:  70.60
Tuesday, June 28, 2016 10:32:38 AM Total Errors:   354, Errors this iteration:     1, Total Bits Simulated:       514, Bit Error Rate:  0.69, Percent errors found:  70.80
Tuesday, June 28, 2016 10:32:38 AM Total Errors:   356, Errors this iteration:     2, Total Bits Simulated:       516, Bit Error Rate:  0.69, Percent errors found:  71.20
Tuesday, June 28, 2016 10:32:38 AM Total Errors:   358, Errors this iteration:     2, Total Bits Simulated:       518, Bit Error Rate:  0.69, Percent errors found:  71.60
Tuesday, June 28, 2016 10:32:38 AM Total Errors:   359, Errors this iteration:     1, Total Bits Simulated:       520, Bit Error Rate:  0.69, Percent errors found:  71.80
Tuesday, June 28, 2016 10:32:38 AM Total Errors:   361, Errors this iteration:     2, Total Bits Simulated:       522, Bit Error Rate:  0.69, Percent errors found:  72.20
Tuesday, June 28, 2016 10:32:38 AM Total Errors:   363, Errors this iteration:     2, Total Bits Simulated:       524, Bit Error Rate:  0.69, Percent errors found:  72.60
Tuesday, June 28, 2016 10:32:38 AM Total Errors:   365, Errors this iteration:     2, Total Bits Simulated:       526, Bit Error Rate:  0.69, Percent errors found:  73.00
Tuesday, June 28, 2016 10:32:38 AM Total Errors:   366, Errors this iteration:     1, Total Bits Simulated:       528, Bit Error Rate:  0.69, Percent errors found:  73.20
Tuesday, June 28, 2016 10:32:38 AM Total Errors:   367, Errors this iteration:     1, Total Bits Simulated:       530, Bit Error Rate:  0.69, Percent errors found:  73.40
Tuesday, June 28, 2016 10:32:38 AM Total Errors:   368, Errors this iteration:     1, Total Bits Simulated:       532, Bit Error Rate:  0.69, Percent errors found:  73.60
Tuesday, June 28, 2016 10:32:38 AM Total Errors:   369, Errors this iteration:     1, Total Bits Simulated:       534, Bit Error Rate:  0.69, Percent errors found:  73.80
Tuesday, June 28, 2016 10:32:38 AM Total Errors:   370, Errors this iteration:     1, Total Bits Simulated:       536, Bit Error Rate:  0.69, Percent errors found:  74.00
Tuesday, June 28, 2016 10:32:38 AM Total Errors:   371, Errors this iteration:     1, Total Bits Simulated:       540, Bit Error Rate:  0.69, Percent errors found:  74.20
Tuesday, June 28, 2016 10:32:38 AM Total Errors:   373, Errors this iteration:     2, Total Bits Simulated:       542, Bit Error Rate:  0.69, Percent errors found:  74.60
Tuesday, June 28, 2016 10:32:38 AM Total Errors:   375, Errors this iteration:     2, Total Bits Simulated:       546, Bit Error Rate:  0.69, Percent errors found:  75.00
Tuesday, June 28, 2016 10:32:38 AM Total Errors:   377, Errors this iteration:     2, Total Bits Simulated:       548, Bit Error Rate:  0.69, Percent errors found:  75.40
Tuesday, June 28, 2016 10:32:38 AM Total Errors:   378, Errors this iteration:     1, Total Bits Simulated:       550, Bit Error Rate:  0.69, Percent errors found:  75.60
Tuesday, June 28, 2016 10:32:38 AM Total Errors:   380, Errors this iteration:     2, Total Bits Simulated:       552, Bit Error Rate:  0.69, Percent errors found:  76.00
Tuesday, June 28, 2016 10:32:38 AM Total Errors:   382, Errors this iteration:     2, Total Bits Simulated:       554, Bit Error Rate:  0.69, Percent errors found:  76.40
Tuesday, June 28, 2016 10:32:38 AM Total Errors:   384, Errors this iteration:     2, Total Bits Simulated:       556, Bit Error Rate:  0.69, Percent errors found:  76.80
Tuesday, June 28, 2016 10:32:38 AM Total Errors:   386, Errors this iteration:     2, Total Bits Simulated:       558, Bit Error Rate:  0.69, Percent errors found:  77.20
Tuesday, June 28, 2016 10:32:38 AM Total Errors:   387, Errors this iteration:     1, Total Bits Simulated:       562, Bit Error Rate:  0.69, Percent errors found:  77.40
Tuesday, June 28, 2016 10:32:38 AM Total Errors:   389, Errors this iteration:     2, Total Bits Simulated:       564, Bit Error Rate:  0.69, Percent errors found:  77.80
Tuesday, June 28, 2016 10:32:38 AM Total Errors:   390, Errors this iteration:     1, Total Bits Simulated:       566, Bit Error Rate:  0.69, Percent errors found:  78.00
Tuesday, June 28, 2016 10:32:38 AM Total Errors:   391, Errors this iteration:     1, Total Bits Simulated:       568, Bit Error Rate:  0.69, Percent errors found:  78.20
Tuesday, June 28, 2016 10:32:38 AM Total Errors:   393, Errors this iteration:     2, Total Bits Simulated:       570, Bit Error Rate:  0.69, Percent errors found:  78.60
Tuesday, June 28, 2016 10:32:38 AM Total Errors:   394, Errors this iteration:     1, Total Bits Simulated:       572, Bit Error Rate:  0.69, Percent errors found:  78.80
Tuesday, June 28, 2016 10:32:38 AM Total Errors:   396, Errors this iteration:     2, Total Bits Simulated:       574, Bit Error Rate:  0.69, Percent errors found:  79.20
Tuesday, June 28, 2016 10:32:38 AM Total Errors:   398, Errors this iteration:     2, Total Bits Simulated:       576, Bit Error Rate:  0.69, Percent errors found:  79.60
Tuesday, June 28, 2016 10:32:38 AM Total Errors:   400, Errors this iteration:     2, Total Bits Simulated:       578, Bit Error Rate:  0.69, Percent errors found:  80.00
Tuesday, June 28, 2016 10:32:38 AM Total Errors:   402, Errors this iteration:     2, Total Bits Simulated:       580, Bit Error Rate:  0.69, Percent errors found:  80.40
Tuesday, June 28, 2016 10:32:38 AM Total Errors:   403, Errors this iteration:     1, Total Bits Simulated:       582, Bit Error Rate:  0.69, Percent errors found:  80.60
Tuesday, June 28, 2016 10:32:38 AM Total Errors:   405, Errors this iteration:     2, Total Bits Simulated:       584, Bit Error Rate:  0.69, Percent errors found:  81.00
Tuesday, June 28, 2016 10:32:38 AM Total Errors:   406, Errors this iteration:     1, Total Bits Simulated:       586, Bit Error Rate:  0.69, Percent errors found:  81.20
Tuesday, June 28, 2016 10:32:38 AM Total Errors:   408, Errors this iteration:     2, Total Bits Simulated:       588, Bit Error Rate:  0.69, Percent errors found:  81.60
Tuesday, June 28, 2016 10:32:38 AM Total Errors:   410, Errors this iteration:     2, Total Bits Simulated:       590, Bit Error Rate:  0.69, Percent errors found:  82.00
Tuesday, June 28, 2016 10:32:38 AM Total Errors:   412, Errors this iteration:     2, Total Bits Simulated:       592, Bit Error Rate:  0.70, Percent errors found:  82.40
Tuesday, June 28, 2016 10:32:38 AM Total Errors:   414, Errors this iteration:     2, Total Bits Simulated:       594, Bit Error Rate:  0.70, Percent errors found:  82.80
Tuesday, June 28, 2016 10:32:38 AM Total Errors:   416, Errors this iteration:     2, Total Bits Simulated:       596, Bit Error Rate:  0.70, Percent errors found:  83.20
Tuesday, June 28, 2016 10:32:38 AM Total Errors:   417, Errors this iteration:     1, Total Bits Simulated:       598, Bit Error Rate:  0.70, Percent errors found:  83.40
Tuesday, June 28, 2016 10:32:38 AM Total Errors:   419, Errors this iteration:     2, Total Bits Simulated:       600, Bit Error Rate:  0.70, Percent errors found:  83.80
Tuesday, June 28, 2016 10:32:38 AM Total Errors:   421, Errors this iteration:     2, Total Bits Simulated:       602, Bit Error Rate:  0.70, Percent errors found:  84.20
Tuesday, June 28, 2016 10:32:38 AM Total Errors:   423, Errors this iteration:     2, Total Bits Simulated:       604, Bit Error Rate:  0.70, Percent errors found:  84.60
Tuesday, June 28, 2016 10:32:38 AM Total Errors:   425, Errors this iteration:     2, Total Bits Simulated:       606, Bit Error Rate:  0.70, Percent errors found:  85.00
Tuesday, June 28, 2016 10:32:38 AM Total Errors:   426, Errors this iteration:     1, Total Bits Simulated:       608, Bit Error Rate:  0.70, Percent errors found:  85.20
Tuesday, June 28, 2016 10:32:38 AM Total Errors:   428, Errors this iteration:     2, Total Bits Simulated:       610, Bit Error Rate:  0.70, Percent errors found:  85.60
Tuesday, June 28, 2016 10:32:38 AM Total Errors:   429, Errors this iteration:     1, Total Bits Simulated:       612, Bit Error Rate:  0.70, Percent errors found:  85.80
Tuesday, June 28, 2016 10:32:38 AM Total Errors:   431, Errors this iteration:     2, Total Bits Simulated:       614, Bit Error Rate:  0.70, Percent errors found:  86.20
Tuesday, June 28, 2016 10:32:38 AM Total Errors:   433, Errors this iteration:     2, Total Bits Simulated:       618, Bit Error Rate:  0.70, Percent errors found:  86.60
Tuesday, June 28, 2016 10:32:38 AM Total Errors:   435, Errors this iteration:     2, Total Bits Simulated:       620, Bit Error Rate:  0.70, Percent errors found:  87.00
Tuesday, June 28, 2016 10:32:38 AM Total Errors:   437, Errors this iteration:     2, Total Bits Simulated:       622, Bit Error Rate:  0.70, Percent errors found:  87.40
Tuesday, June 28, 2016 10:32:38 AM Total Errors:   438, Errors this iteration:     1, Total Bits Simulated:       624, Bit Error Rate:  0.70, Percent errors found:  87.60
Tuesday, June 28, 2016 10:32:38 AM Total Errors:   439, Errors this iteration:     1, Total Bits Simulated:       626, Bit Error Rate:  0.70, Percent errors found:  87.80
Tuesday, June 28, 2016 10:32:38 AM Total Errors:   440, Errors this iteration:     1, Total Bits Simulated:       628, Bit Error Rate:  0.70, Percent errors found:  88.00
Tuesday, June 28, 2016 10:32:38 AM Total Errors:   442, Errors this iteration:     2, Total Bits Simulated:       630, Bit Error Rate:  0.70, Percent errors found:  88.40
Tuesday, June 28, 2016 10:32:38 AM Total Errors:   444, Errors this iteration:     2, Total Bits Simulated:       632, Bit Error Rate:  0.70, Percent errors found:  88.80
Tuesday, June 28, 2016 10:32:38 AM Total Errors:   445, Errors this iteration:     1, Total Bits Simulated:       634, Bit Error Rate:  0.70, Percent errors found:  89.00
Tuesday, June 28, 2016 10:32:38 AM Total Errors:   447, Errors this iteration:     2, Total Bits Simulated:       636, Bit Error Rate:  0.70, Percent errors found:  89.40
Tuesday, June 28, 2016 10:32:38 AM Total Errors:   449, Errors this iteration:     2, Total Bits Simulated:       638, Bit Error Rate:  0.70, Percent errors found:  89.80
Tuesday, June 28, 2016 10:32:38 AM Total Errors:   451, Errors this iteration:     2, Total Bits Simulated:       640, Bit Error Rate:  0.70, Percent errors found:  90.20
Tuesday, June 28, 2016 10:32:38 AM Total Errors:   453, Errors this iteration:     2, Total Bits Simulated:       642, Bit Error Rate:  0.71, Percent errors found:  90.60
Tuesday, June 28, 2016 10:32:38 AM Total Errors:   455, Errors this iteration:     2, Total Bits Simulated:       644, Bit Error Rate:  0.71, Percent errors found:  91.00
Tuesday, June 28, 2016 10:32:38 AM Total Errors:   457, Errors this iteration:     2, Total Bits Simulated:       646, Bit Error Rate:  0.71, Percent errors found:  91.40
Tuesday, June 28, 2016 10:32:38 AM Total Errors:   458, Errors this iteration:     1, Total Bits Simulated:       648, Bit Error Rate:  0.71, Percent errors found:  91.60
Tuesday, June 28, 2016 10:32:38 AM Total Errors:   460, Errors this iteration:     2, Total Bits Simulated:       654, Bit Error Rate:  0.70, Percent errors found:  92.00
Tuesday, June 28, 2016 10:32:38 AM Total Errors:   461, Errors this iteration:     1, Total Bits Simulated:       656, Bit Error Rate:  0.70, Percent errors found:  92.20
Tuesday, June 28, 2016 10:32:38 AM Total Errors:   462, Errors this iteration:     1, Total Bits Simulated:       658, Bit Error Rate:  0.70, Percent errors found:  92.40
Tuesday, June 28, 2016 10:32:38 AM Total Errors:   464, Errors this iteration:     2, Total Bits Simulated:       660, Bit Error Rate:  0.70, Percent errors found:  92.80
Tuesday, June 28, 2016 10:32:38 AM Total Errors:   466, Errors this iteration:     2, Total Bits Simulated:       662, Bit Error Rate:  0.70, Percent errors found:  93.20
Tuesday, June 28, 2016 10:32:38 AM Total Errors:   467, Errors this iteration:     1, Total Bits Simulated:       664, Bit Error Rate:  0.70, Percent errors found:  93.40
Tuesday, June 28, 2016 10:32:38 AM Total Errors:   468, Errors this iteration:     1, Total Bits Simulated:       666, Bit Error Rate:  0.70, Percent errors found:  93.60
Tuesday, June 28, 2016 10:32:38 AM Total Errors:   470, Errors this iteration:     2, Total Bits Simulated:       670, Bit Error Rate:  0.70, Percent errors found:  94.00
Tuesday, June 28, 2016 10:32:38 AM Total Errors:   472, Errors this iteration:     2, Total Bits Simulated:       672, Bit Error Rate:  0.70, Percent errors found:  94.40
Tuesday, June 28, 2016 10:32:39 AM Total Errors:   474, Errors this iteration:     2, Total Bits Simulated:       674, Bit Error Rate:  0.70, Percent errors found:  94.80
Tuesday, June 28, 2016 10:32:39 AM Total Errors:   476, Errors this iteration:     2, Total Bits Simulated:       676, Bit Error Rate:  0.70, Percent errors found:  95.20
Tuesday, June 28, 2016 10:32:39 AM Total Errors:   478, Errors this iteration:     2, Total Bits Simulated:       678, Bit Error Rate:  0.71, Percent errors found:  95.60
Tuesday, June 28, 2016 10:32:39 AM Total Errors:   479, Errors this iteration:     1, Total Bits Simulated:       680, Bit Error Rate:  0.70, Percent errors found:  95.80
Tuesday, June 28, 2016 10:32:39 AM Total Errors:   481, Errors this iteration:     2, Total Bits Simulated:       682, Bit Error Rate:  0.71, Percent errors found:  96.20
Tuesday, June 28, 2016 10:32:39 AM Total Errors:   482, Errors this iteration:     1, Total Bits Simulated:       684, Bit Error Rate:  0.70, Percent errors found:  96.40
Tuesday, June 28, 2016 10:32:39 AM Total Errors:   484, Errors this iteration:     2, Total Bits Simulated:       686, Bit Error Rate:  0.71, Percent errors found:  96.80
Tuesday, June 28, 2016 10:32:39 AM Total Errors:   486, Errors this iteration:     2, Total Bits Simulated:       688, Bit Error Rate:  0.71, Percent errors found:  97.20
Tuesday, June 28, 2016 10:32:39 AM Total Errors:   488, Errors this iteration:     2, Total Bits Simulated:       690, Bit Error Rate:  0.71, Percent errors found:  97.60
Tuesday, June 28, 2016 10:32:39 AM Total Errors:   489, Errors this iteration:     1, Total Bits Simulated:       692, Bit Error Rate:  0.71, Percent errors found:  97.80
Tuesday, June 28, 2016 10:32:39 AM Total Errors:   490, Errors this iteration:     1, Total Bits Simulated:       694, Bit Error Rate:  0.71, Percent errors found:  98.00
Tuesday, June 28, 2016 10:32:39 AM Total Errors:   492, Errors this iteration:     2, Total Bits Simulated:       696, Bit Error Rate:  0.71, Percent errors found:  98.40
Tuesday, June 28, 2016 10:32:39 AM Total Errors:   494, Errors this iteration:     2, Total Bits Simulated:       698, Bit Error Rate:  0.71, Percent errors found:  98.80
Tuesday, June 28, 2016 10:32:39 AM Total Errors:   495, Errors this iteration:     1, Total Bits Simulated:       700, Bit Error Rate:  0.71, Percent errors found:  99.00
Tuesday, June 28, 2016 10:32:39 AM Total Errors:   497, Errors this iteration:     2, Total Bits Simulated:       702, Bit Error Rate:  0.71, Percent errors found:  99.40
Tuesday, June 28, 2016 10:32:39 AM Total Errors:   499, Errors this iteration:     2, Total Bits Simulated:       704, Bit Error Rate:  0.71, Percent errors found:  99.80
Tuesday, June 28, 2016 10:32:39 AM Total Errors:   500, Errors this iteration:     1, Total Bits Simulated:       706, Bit Error Rate:  0.71, Percent errors found:  100.00
Completed simulation at Tuesday, June 28, 2016 10:32:39 AM.
The simulation took: 00:00:04.6206008