Start of simulation. Time: Wednesday, June 22, 2016 8:18:48 PM
Wednesday, June 22, 2016 8:18:48 PM Total Errors: 1, Errors this iteration: 1, Total Bits Simulated: 2, Bit Error Rate: 0.5, Percent errors found: 0.2
Wednesday, June 22, 2016 8:18:48 PM Total Errors: 2, Errors this iteration: 1, Total Bits Simulated: 6, Bit Error Rate: 0.333333333333333, Percent errors found: 0.4
Wednesday, June 22, 2016 8:18:48 PM Total Errors: 3, Errors this iteration: 1, Total Bits Simulated: 12, Bit Error Rate: 0.25, Percent errors found: 0.6
Wednesday, June 22, 2016 8:18:48 PM Total Errors: 4, Errors this iteration: 1, Total Bits Simulated: 14, Bit Error Rate: 0.285714285714286, Percent errors found: 0.8
Wednesday, June 22, 2016 8:18:48 PM Total Errors: 5, Errors this iteration: 1, Total Bits Simulated: 20, Bit Error Rate: 0.25, Percent errors found: 1
Wednesday, June 22, 2016 8:18:48 PM Total Errors: 6, Errors this iteration: 1, Total Bits Simulated: 28, Bit Error Rate: 0.214285714285714, Percent errors found: 1.2
Wednesday, June 22, 2016 8:18:48 PM Total Errors: 7, Errors this iteration: 1, Total Bits Simulated: 30, Bit Error Rate: 0.233333333333333, Percent errors found: 1.4
Wednesday, June 22, 2016 8:18:49 PM Total Errors: 9, Errors this iteration: 2, Total Bits Simulated: 34, Bit Error Rate: 0.264705882352941, Percent errors found: 1.8
Wednesday, June 22, 2016 8:18:49 PM Total Errors: 10, Errors this iteration: 1, Total Bits Simulated: 36, Bit Error Rate: 0.277777777777778, Percent errors found: 2
Wednesday, June 22, 2016 8:18:49 PM Total Errors: 11, Errors this iteration: 1, Total Bits Simulated: 40, Bit Error Rate: 0.275, Percent errors found: 2.2
Wednesday, June 22, 2016 8:18:49 PM Total Errors: 12, Errors this iteration: 1, Total Bits Simulated: 48, Bit Error Rate: 0.25, Percent errors found: 2.4
Wednesday, June 22, 2016 8:18:49 PM Total Errors: 13, Errors this iteration: 1, Total Bits Simulated: 54, Bit Error Rate: 0.240740740740741, Percent errors found: 2.6
Wednesday, June 22, 2016 8:18:49 PM Total Errors: 14, Errors this iteration: 1, Total Bits Simulated: 64, Bit Error Rate: 0.21875, Percent errors found: 2.8
Wednesday, June 22, 2016 8:18:49 PM Total Errors: 15, Errors this iteration: 1, Total Bits Simulated: 66, Bit Error Rate: 0.227272727272727, Percent errors found: 3
Wednesday, June 22, 2016 8:18:49 PM Total Errors: 16, Errors this iteration: 1, Total Bits Simulated: 68, Bit Error Rate: 0.235294117647059, Percent errors found: 3.2
Wednesday, June 22, 2016 8:18:49 PM Total Errors: 17, Errors this iteration: 1, Total Bits Simulated: 70, Bit Error Rate: 0.242857142857143, Percent errors found: 3.4
Wednesday, June 22, 2016 8:18:49 PM Total Errors: 18, Errors this iteration: 1, Total Bits Simulated: 72, Bit Error Rate: 0.25, Percent errors found: 3.6
Wednesday, June 22, 2016 8:18:49 PM Total Errors: 19, Errors this iteration: 1, Total Bits Simulated: 80, Bit Error Rate: 0.2375, Percent errors found: 3.8
Wednesday, June 22, 2016 8:18:49 PM Total Errors: 20, Errors this iteration: 1, Total Bits Simulated: 82, Bit Error Rate: 0.24390243902439, Percent errors found: 4
Wednesday, June 22, 2016 8:18:49 PM Total Errors: 22, Errors this iteration: 2, Total Bits Simulated: 84, Bit Error Rate: 0.261904761904762, Percent errors found: 4.4
Wednesday, June 22, 2016 8:18:49 PM Total Errors: 24, Errors this iteration: 2, Total Bits Simulated: 86, Bit Error Rate: 0.27906976744186, Percent errors found: 4.8
Wednesday, June 22, 2016 8:18:49 PM Total Errors: 26, Errors this iteration: 2, Total Bits Simulated: 92, Bit Error Rate: 0.282608695652174, Percent errors found: 5.2
Wednesday, June 22, 2016 8:18:49 PM Total Errors: 27, Errors this iteration: 1, Total Bits Simulated: 94, Bit Error Rate: 0.287234042553192, Percent errors found: 5.4
Wednesday, June 22, 2016 8:18:49 PM Total Errors: 29, Errors this iteration: 2, Total Bits Simulated: 96, Bit Error Rate: 0.302083333333333, Percent errors found: 5.8
Wednesday, June 22, 2016 8:18:49 PM Total Errors: 30, Errors this iteration: 1, Total Bits Simulated: 106, Bit Error Rate: 0.283018867924528, Percent errors found: 6
Wednesday, June 22, 2016 8:18:49 PM Total Errors: 31, Errors this iteration: 1, Total Bits Simulated: 108, Bit Error Rate: 0.287037037037037, Percent errors found: 6.2
Wednesday, June 22, 2016 8:18:49 PM Total Errors: 32, Errors this iteration: 1, Total Bits Simulated: 112, Bit Error Rate: 0.285714285714286, Percent errors found: 6.4
Wednesday, June 22, 2016 8:18:49 PM Total Errors: 33, Errors this iteration: 1, Total Bits Simulated: 114, Bit Error Rate: 0.289473684210526, Percent errors found: 6.6
Wednesday, June 22, 2016 8:18:49 PM Total Errors: 35, Errors this iteration: 2, Total Bits Simulated: 116, Bit Error Rate: 0.301724137931034, Percent errors found: 7
Wednesday, June 22, 2016 8:18:49 PM Total Errors: 36, Errors this iteration: 1, Total Bits Simulated: 122, Bit Error Rate: 0.295081967213115, Percent errors found: 7.2
Wednesday, June 22, 2016 8:18:49 PM Total Errors: 37, Errors this iteration: 1, Total Bits Simulated: 124, Bit Error Rate: 0.298387096774194, Percent errors found: 7.4
Wednesday, June 22, 2016 8:18:49 PM Total Errors: 38, Errors this iteration: 1, Total Bits Simulated: 130, Bit Error Rate: 0.292307692307692, Percent errors found: 7.6
Wednesday, June 22, 2016 8:18:49 PM Total Errors: 39, Errors this iteration: 1, Total Bits Simulated: 134, Bit Error Rate: 0.291044776119403, Percent errors found: 7.8
Wednesday, June 22, 2016 8:18:49 PM Total Errors: 40, Errors this iteration: 1, Total Bits Simulated: 142, Bit Error Rate: 0.28169014084507, Percent errors found: 8
Wednesday, June 22, 2016 8:18:49 PM Total Errors: 42, Errors this iteration: 2, Total Bits Simulated: 144, Bit Error Rate: 0.291666666666667, Percent errors found: 8.4
Wednesday, June 22, 2016 8:18:49 PM Total Errors: 43, Errors this iteration: 1, Total Bits Simulated: 148, Bit Error Rate: 0.290540540540541, Percent errors found: 8.6
Wednesday, June 22, 2016 8:18:49 PM Total Errors: 44, Errors this iteration: 1, Total Bits Simulated: 150, Bit Error Rate: 0.293333333333333, Percent errors found: 8.8
Wednesday, June 22, 2016 8:18:49 PM Total Errors: 45, Errors this iteration: 1, Total Bits Simulated: 152, Bit Error Rate: 0.296052631578947, Percent errors found: 9
Wednesday, June 22, 2016 8:18:49 PM Total Errors: 46, Errors this iteration: 1, Total Bits Simulated: 158, Bit Error Rate: 0.291139240506329, Percent errors found: 9.2
Wednesday, June 22, 2016 8:18:49 PM Total Errors: 47, Errors this iteration: 1, Total Bits Simulated: 160, Bit Error Rate: 0.29375, Percent errors found: 9.4
Wednesday, June 22, 2016 8:18:49 PM Total Errors: 48, Errors this iteration: 1, Total Bits Simulated: 162, Bit Error Rate: 0.296296296296296, Percent errors found: 9.6
Wednesday, June 22, 2016 8:18:49 PM Total Errors: 49, Errors this iteration: 1, Total Bits Simulated: 166, Bit Error Rate: 0.295180722891566, Percent errors found: 9.8
Wednesday, June 22, 2016 8:18:49 PM Total Errors: 50, Errors this iteration: 1, Total Bits Simulated: 170, Bit Error Rate: 0.294117647058824, Percent errors found: 10
Wednesday, June 22, 2016 8:18:49 PM Total Errors: 52, Errors this iteration: 2, Total Bits Simulated: 172, Bit Error Rate: 0.302325581395349, Percent errors found: 10.4
Wednesday, June 22, 2016 8:18:49 PM Total Errors: 53, Errors this iteration: 1, Total Bits Simulated: 176, Bit Error Rate: 0.301136363636364, Percent errors found: 10.6
Wednesday, June 22, 2016 8:18:49 PM Total Errors: 54, Errors this iteration: 1, Total Bits Simulated: 186, Bit Error Rate: 0.290322580645161, Percent errors found: 10.8
Wednesday, June 22, 2016 8:18:49 PM Total Errors: 56, Errors this iteration: 2, Total Bits Simulated: 188, Bit Error Rate: 0.297872340425532, Percent errors found: 11.2
Wednesday, June 22, 2016 8:18:49 PM Total Errors: 58, Errors this iteration: 2, Total Bits Simulated: 190, Bit Error Rate: 0.305263157894737, Percent errors found: 11.6
Wednesday, June 22, 2016 8:18:49 PM Total Errors: 59, Errors this iteration: 1, Total Bits Simulated: 192, Bit Error Rate: 0.307291666666667, Percent errors found: 11.8
Wednesday, June 22, 2016 8:18:49 PM Total Errors: 60, Errors this iteration: 1, Total Bits Simulated: 194, Bit Error Rate: 0.309278350515464, Percent errors found: 12
Wednesday, June 22, 2016 8:18:49 PM Total Errors: 61, Errors this iteration: 1, Total Bits Simulated: 196, Bit Error Rate: 0.311224489795918, Percent errors found: 12.2
Wednesday, June 22, 2016 8:18:49 PM Total Errors: 63, Errors this iteration: 2, Total Bits Simulated: 198, Bit Error Rate: 0.318181818181818, Percent errors found: 12.6
Wednesday, June 22, 2016 8:18:49 PM Total Errors: 64, Errors this iteration: 1, Total Bits Simulated: 204, Bit Error Rate: 0.313725490196078, Percent errors found: 12.8
Wednesday, June 22, 2016 8:18:49 PM Total Errors: 65, Errors this iteration: 1, Total Bits Simulated: 208, Bit Error Rate: 0.3125, Percent errors found: 13
Wednesday, June 22, 2016 8:18:49 PM Total Errors: 67, Errors this iteration: 2, Total Bits Simulated: 210, Bit Error Rate: 0.319047619047619, Percent errors found: 13.4
Wednesday, June 22, 2016 8:18:49 PM Total Errors: 68, Errors this iteration: 1, Total Bits Simulated: 212, Bit Error Rate: 0.320754716981132, Percent errors found: 13.6
Wednesday, June 22, 2016 8:18:49 PM Total Errors: 70, Errors this iteration: 2, Total Bits Simulated: 216, Bit Error Rate: 0.324074074074074, Percent errors found: 14
Wednesday, June 22, 2016 8:18:49 PM Total Errors: 71, Errors this iteration: 1, Total Bits Simulated: 218, Bit Error Rate: 0.325688073394495, Percent errors found: 14.2
Wednesday, June 22, 2016 8:18:49 PM Total Errors: 73, Errors this iteration: 2, Total Bits Simulated: 220, Bit Error Rate: 0.331818181818182, Percent errors found: 14.6
Wednesday, June 22, 2016 8:18:49 PM Total Errors: 74, Errors this iteration: 1, Total Bits Simulated: 222, Bit Error Rate: 0.333333333333333, Percent errors found: 14.8
Wednesday, June 22, 2016 8:18:49 PM Total Errors: 75, Errors this iteration: 1, Total Bits Simulated: 224, Bit Error Rate: 0.334821428571429, Percent errors found: 15
Wednesday, June 22, 2016 8:18:49 PM Total Errors: 76, Errors this iteration: 1, Total Bits Simulated: 226, Bit Error Rate: 0.336283185840708, Percent errors found: 15.2
Wednesday, June 22, 2016 8:18:49 PM Total Errors: 77, Errors this iteration: 1, Total Bits Simulated: 228, Bit Error Rate: 0.337719298245614, Percent errors found: 15.4
Wednesday, June 22, 2016 8:18:49 PM Total Errors: 78, Errors this iteration: 1, Total Bits Simulated: 230, Bit Error Rate: 0.339130434782609, Percent errors found: 15.6
Wednesday, June 22, 2016 8:18:49 PM Total Errors: 79, Errors this iteration: 1, Total Bits Simulated: 234, Bit Error Rate: 0.337606837606838, Percent errors found: 15.8
Wednesday, June 22, 2016 8:18:49 PM Total Errors: 80, Errors this iteration: 1, Total Bits Simulated: 238, Bit Error Rate: 0.336134453781513, Percent errors found: 16
Wednesday, June 22, 2016 8:18:49 PM Total Errors: 81, Errors this iteration: 1, Total Bits Simulated: 244, Bit Error Rate: 0.331967213114754, Percent errors found: 16.2
Wednesday, June 22, 2016 8:18:49 PM Total Errors: 82, Errors this iteration: 1, Total Bits Simulated: 250, Bit Error Rate: 0.328, Percent errors found: 16.4
Wednesday, June 22, 2016 8:18:49 PM Total Errors: 84, Errors this iteration: 2, Total Bits Simulated: 252, Bit Error Rate: 0.333333333333333, Percent errors found: 16.8
Wednesday, June 22, 2016 8:18:49 PM Total Errors: 85, Errors this iteration: 1, Total Bits Simulated: 254, Bit Error Rate: 0.334645669291339, Percent errors found: 17
Wednesday, June 22, 2016 8:18:49 PM Total Errors: 86, Errors this iteration: 1, Total Bits Simulated: 256, Bit Error Rate: 0.3359375, Percent errors found: 17.2
Wednesday, June 22, 2016 8:18:49 PM Total Errors: 87, Errors this iteration: 1, Total Bits Simulated: 258, Bit Error Rate: 0.337209302325581, Percent errors found: 17.4
Wednesday, June 22, 2016 8:18:50 PM Total Errors: 88, Errors this iteration: 1, Total Bits Simulated: 266, Bit Error Rate: 0.330827067669173, Percent errors found: 17.6
Wednesday, June 22, 2016 8:18:50 PM Total Errors: 89, Errors this iteration: 1, Total Bits Simulated: 268, Bit Error Rate: 0.332089552238806, Percent errors found: 17.8
Wednesday, June 22, 2016 8:18:50 PM Total Errors: 90, Errors this iteration: 1, Total Bits Simulated: 270, Bit Error Rate: 0.333333333333333, Percent errors found: 18
Wednesday, June 22, 2016 8:18:50 PM Total Errors: 91, Errors this iteration: 1, Total Bits Simulated: 274, Bit Error Rate: 0.332116788321168, Percent errors found: 18.2
Wednesday, June 22, 2016 8:18:50 PM Total Errors: 92, Errors this iteration: 1, Total Bits Simulated: 278, Bit Error Rate: 0.330935251798561, Percent errors found: 18.4
Wednesday, June 22, 2016 8:18:50 PM Total Errors: 93, Errors this iteration: 1, Total Bits Simulated: 280, Bit Error Rate: 0.332142857142857, Percent errors found: 18.6
Wednesday, June 22, 2016 8:18:50 PM Total Errors: 94, Errors this iteration: 1, Total Bits Simulated: 282, Bit Error Rate: 0.333333333333333, Percent errors found: 18.8
Wednesday, June 22, 2016 8:18:50 PM Total Errors: 95, Errors this iteration: 1, Total Bits Simulated: 284, Bit Error Rate: 0.334507042253521, Percent errors found: 19
Wednesday, June 22, 2016 8:18:50 PM Total Errors: 96, Errors this iteration: 1, Total Bits Simulated: 288, Bit Error Rate: 0.333333333333333, Percent errors found: 19.2
Wednesday, June 22, 2016 8:18:50 PM Total Errors: 97, Errors this iteration: 1, Total Bits Simulated: 290, Bit Error Rate: 0.33448275862069, Percent errors found: 19.4
Wednesday, June 22, 2016 8:18:50 PM Total Errors: 98, Errors this iteration: 1, Total Bits Simulated: 292, Bit Error Rate: 0.335616438356164, Percent errors found: 19.6
Wednesday, June 22, 2016 8:18:50 PM Total Errors: 99, Errors this iteration: 1, Total Bits Simulated: 300, Bit Error Rate: 0.33, Percent errors found: 19.8
Wednesday, June 22, 2016 8:18:50 PM Total Errors: 101, Errors this iteration: 2, Total Bits Simulated: 302, Bit Error Rate: 0.334437086092715, Percent errors found: 20.2
Wednesday, June 22, 2016 8:18:50 PM Total Errors: 102, Errors this iteration: 1, Total Bits Simulated: 304, Bit Error Rate: 0.335526315789474, Percent errors found: 20.4
Wednesday, June 22, 2016 8:18:50 PM Total Errors: 103, Errors this iteration: 1, Total Bits Simulated: 306, Bit Error Rate: 0.336601307189543, Percent errors found: 20.6
Wednesday, June 22, 2016 8:18:50 PM Total Errors: 104, Errors this iteration: 1, Total Bits Simulated: 312, Bit Error Rate: 0.333333333333333, Percent errors found: 20.8
Wednesday, June 22, 2016 8:18:50 PM Total Errors: 105, Errors this iteration: 1, Total Bits Simulated: 314, Bit Error Rate: 0.334394904458599, Percent errors found: 21
Wednesday, June 22, 2016 8:18:50 PM Total Errors: 106, Errors this iteration: 1, Total Bits Simulated: 316, Bit Error Rate: 0.335443037974684, Percent errors found: 21.2
Wednesday, June 22, 2016 8:18:50 PM Total Errors: 107, Errors this iteration: 1, Total Bits Simulated: 318, Bit Error Rate: 0.336477987421384, Percent errors found: 21.4
Wednesday, June 22, 2016 8:18:50 PM Total Errors: 108, Errors this iteration: 1, Total Bits Simulated: 320, Bit Error Rate: 0.3375, Percent errors found: 21.6
Wednesday, June 22, 2016 8:18:50 PM Total Errors: 109, Errors this iteration: 1, Total Bits Simulated: 322, Bit Error Rate: 0.338509316770186, Percent errors found: 21.8
Wednesday, June 22, 2016 8:18:50 PM Total Errors: 110, Errors this iteration: 1, Total Bits Simulated: 324, Bit Error Rate: 0.339506172839506, Percent errors found: 22
Wednesday, June 22, 2016 8:18:50 PM Total Errors: 111, Errors this iteration: 1, Total Bits Simulated: 330, Bit Error Rate: 0.336363636363636, Percent errors found: 22.2
Wednesday, June 22, 2016 8:18:50 PM Total Errors: 112, Errors this iteration: 1, Total Bits Simulated: 332, Bit Error Rate: 0.337349397590361, Percent errors found: 22.4
Wednesday, June 22, 2016 8:18:50 PM Total Errors: 113, Errors this iteration: 1, Total Bits Simulated: 334, Bit Error Rate: 0.338323353293413, Percent errors found: 22.6
Wednesday, June 22, 2016 8:18:50 PM Total Errors: 115, Errors this iteration: 2, Total Bits Simulated: 336, Bit Error Rate: 0.342261904761905, Percent errors found: 23
Wednesday, June 22, 2016 8:18:50 PM Total Errors: 117, Errors this iteration: 2, Total Bits Simulated: 342, Bit Error Rate: 0.342105263157895, Percent errors found: 23.4
Wednesday, June 22, 2016 8:18:50 PM Total Errors: 119, Errors this iteration: 2, Total Bits Simulated: 344, Bit Error Rate: 0.34593023255814, Percent errors found: 23.8
Wednesday, June 22, 2016 8:18:50 PM Total Errors: 120, Errors this iteration: 1, Total Bits Simulated: 348, Bit Error Rate: 0.344827586206897, Percent errors found: 24
Wednesday, June 22, 2016 8:18:50 PM Total Errors: 121, Errors this iteration: 1, Total Bits Simulated: 354, Bit Error Rate: 0.34180790960452, Percent errors found: 24.2
Wednesday, June 22, 2016 8:18:50 PM Total Errors: 123, Errors this iteration: 2, Total Bits Simulated: 356, Bit Error Rate: 0.345505617977528, Percent errors found: 24.6
Wednesday, June 22, 2016 8:18:50 PM Total Errors: 124, Errors this iteration: 1, Total Bits Simulated: 358, Bit Error Rate: 0.346368715083799, Percent errors found: 24.8
Wednesday, June 22, 2016 8:18:50 PM Total Errors: 125, Errors this iteration: 1, Total Bits Simulated: 360, Bit Error Rate: 0.347222222222222, Percent errors found: 25
Wednesday, June 22, 2016 8:18:50 PM Total Errors: 126, Errors this iteration: 1, Total Bits Simulated: 362, Bit Error Rate: 0.348066298342541, Percent errors found: 25.2
Wednesday, June 22, 2016 8:18:50 PM Total Errors: 127, Errors this iteration: 1, Total Bits Simulated: 364, Bit Error Rate: 0.348901098901099, Percent errors found: 25.4
Wednesday, June 22, 2016 8:18:50 PM Total Errors: 129, Errors this iteration: 2, Total Bits Simulated: 366, Bit Error Rate: 0.352459016393443, Percent errors found: 25.8
Wednesday, June 22, 2016 8:18:50 PM Total Errors: 130, Errors this iteration: 1, Total Bits Simulated: 370, Bit Error Rate: 0.351351351351351, Percent errors found: 26
Wednesday, June 22, 2016 8:18:50 PM Total Errors: 131, Errors this iteration: 1, Total Bits Simulated: 372, Bit Error Rate: 0.352150537634409, Percent errors found: 26.2
Wednesday, June 22, 2016 8:18:50 PM Total Errors: 133, Errors this iteration: 2, Total Bits Simulated: 376, Bit Error Rate: 0.353723404255319, Percent errors found: 26.6
Wednesday, June 22, 2016 8:18:50 PM Total Errors: 134, Errors this iteration: 1, Total Bits Simulated: 378, Bit Error Rate: 0.354497354497354, Percent errors found: 26.8
Wednesday, June 22, 2016 8:18:50 PM Total Errors: 136, Errors this iteration: 2, Total Bits Simulated: 380, Bit Error Rate: 0.357894736842105, Percent errors found: 27.2
Wednesday, June 22, 2016 8:18:50 PM Total Errors: 138, Errors this iteration: 2, Total Bits Simulated: 386, Bit Error Rate: 0.357512953367876, Percent errors found: 27.6
Wednesday, June 22, 2016 8:18:50 PM Total Errors: 139, Errors this iteration: 1, Total Bits Simulated: 392, Bit Error Rate: 0.354591836734694, Percent errors found: 27.8
Wednesday, June 22, 2016 8:18:50 PM Total Errors: 141, Errors this iteration: 2, Total Bits Simulated: 396, Bit Error Rate: 0.356060606060606, Percent errors found: 28.2
Wednesday, June 22, 2016 8:18:50 PM Total Errors: 142, Errors this iteration: 1, Total Bits Simulated: 400, Bit Error Rate: 0.355, Percent errors found: 28.4
Wednesday, June 22, 2016 8:18:50 PM Total Errors: 143, Errors this iteration: 1, Total Bits Simulated: 408, Bit Error Rate: 0.350490196078431, Percent errors found: 28.6
Wednesday, June 22, 2016 8:18:50 PM Total Errors: 144, Errors this iteration: 1, Total Bits Simulated: 418, Bit Error Rate: 0.344497607655502, Percent errors found: 28.8
Wednesday, June 22, 2016 8:18:50 PM Total Errors: 145, Errors this iteration: 1, Total Bits Simulated: 422, Bit Error Rate: 0.343601895734597, Percent errors found: 29
Wednesday, June 22, 2016 8:18:50 PM Total Errors: 147, Errors this iteration: 2, Total Bits Simulated: 424, Bit Error Rate: 0.346698113207547, Percent errors found: 29.4
Wednesday, June 22, 2016 8:18:50 PM Total Errors: 149, Errors this iteration: 2, Total Bits Simulated: 430, Bit Error Rate: 0.346511627906977, Percent errors found: 29.8
Wednesday, June 22, 2016 8:18:50 PM Total Errors: 150, Errors this iteration: 1, Total Bits Simulated: 434, Bit Error Rate: 0.345622119815668, Percent errors found: 30
Wednesday, June 22, 2016 8:18:50 PM Total Errors: 151, Errors this iteration: 1, Total Bits Simulated: 436, Bit Error Rate: 0.346330275229358, Percent errors found: 30.2
Wednesday, June 22, 2016 8:18:50 PM Total Errors: 152, Errors this iteration: 1, Total Bits Simulated: 440, Bit Error Rate: 0.345454545454545, Percent errors found: 30.4
Wednesday, June 22, 2016 8:18:50 PM Total Errors: 153, Errors this iteration: 1, Total Bits Simulated: 442, Bit Error Rate: 0.346153846153846, Percent errors found: 30.6
Wednesday, June 22, 2016 8:18:50 PM Total Errors: 154, Errors this iteration: 1, Total Bits Simulated: 444, Bit Error Rate: 0.346846846846847, Percent errors found: 30.8
Wednesday, June 22, 2016 8:18:50 PM Total Errors: 156, Errors this iteration: 2, Total Bits Simulated: 446, Bit Error Rate: 0.349775784753363, Percent errors found: 31.2
Wednesday, June 22, 2016 8:18:50 PM Total Errors: 157, Errors this iteration: 1, Total Bits Simulated: 448, Bit Error Rate: 0.350446428571429, Percent errors found: 31.4
Wednesday, June 22, 2016 8:18:50 PM Total Errors: 158, Errors this iteration: 1, Total Bits Simulated: 450, Bit Error Rate: 0.351111111111111, Percent errors found: 31.6
Wednesday, June 22, 2016 8:18:50 PM Total Errors: 159, Errors this iteration: 1, Total Bits Simulated: 452, Bit Error Rate: 0.351769911504425, Percent errors found: 31.8
Wednesday, June 22, 2016 8:18:50 PM Total Errors: 160, Errors this iteration: 1, Total Bits Simulated: 464, Bit Error Rate: 0.344827586206897, Percent errors found: 32
Wednesday, June 22, 2016 8:18:50 PM Total Errors: 162, Errors this iteration: 2, Total Bits Simulated: 472, Bit Error Rate: 0.343220338983051, Percent errors found: 32.4
Wednesday, June 22, 2016 8:18:50 PM Total Errors: 164, Errors this iteration: 2, Total Bits Simulated: 474, Bit Error Rate: 0.345991561181435, Percent errors found: 32.8
Wednesday, June 22, 2016 8:18:50 PM Total Errors: 165, Errors this iteration: 1, Total Bits Simulated: 480, Bit Error Rate: 0.34375, Percent errors found: 33
Wednesday, June 22, 2016 8:18:50 PM Total Errors: 166, Errors this iteration: 1, Total Bits Simulated: 492, Bit Error Rate: 0.33739837398374, Percent errors found: 33.2
Wednesday, June 22, 2016 8:18:51 PM Total Errors: 167, Errors this iteration: 1, Total Bits Simulated: 496, Bit Error Rate: 0.336693548387097, Percent errors found: 33.4
Wednesday, June 22, 2016 8:18:51 PM Total Errors: 168, Errors this iteration: 1, Total Bits Simulated: 498, Bit Error Rate: 0.337349397590361, Percent errors found: 33.6
Wednesday, June 22, 2016 8:18:51 PM Total Errors: 169, Errors this iteration: 1, Total Bits Simulated: 500, Bit Error Rate: 0.338, Percent errors found: 33.8
Wednesday, June 22, 2016 8:18:51 PM Total Errors: 170, Errors this iteration: 1, Total Bits Simulated: 502, Bit Error Rate: 0.338645418326693, Percent errors found: 34
Wednesday, June 22, 2016 8:18:51 PM Total Errors: 172, Errors this iteration: 2, Total Bits Simulated: 504, Bit Error Rate: 0.341269841269841, Percent errors found: 34.4
Wednesday, June 22, 2016 8:18:51 PM Total Errors: 173, Errors this iteration: 1, Total Bits Simulated: 506, Bit Error Rate: 0.341897233201581, Percent errors found: 34.6
Wednesday, June 22, 2016 8:18:51 PM Total Errors: 174, Errors this iteration: 1, Total Bits Simulated: 508, Bit Error Rate: 0.34251968503937, Percent errors found: 34.8
Wednesday, June 22, 2016 8:18:51 PM Total Errors: 176, Errors this iteration: 2, Total Bits Simulated: 512, Bit Error Rate: 0.34375, Percent errors found: 35.2
Wednesday, June 22, 2016 8:18:51 PM Total Errors: 177, Errors this iteration: 1, Total Bits Simulated: 518, Bit Error Rate: 0.341698841698842, Percent errors found: 35.4
Wednesday, June 22, 2016 8:18:51 PM Total Errors: 178, Errors this iteration: 1, Total Bits Simulated: 520, Bit Error Rate: 0.342307692307692, Percent errors found: 35.6
Wednesday, June 22, 2016 8:18:51 PM Total Errors: 179, Errors this iteration: 1, Total Bits Simulated: 522, Bit Error Rate: 0.342911877394636, Percent errors found: 35.8
Wednesday, June 22, 2016 8:18:51 PM Total Errors: 180, Errors this iteration: 1, Total Bits Simulated: 526, Bit Error Rate: 0.342205323193916, Percent errors found: 36
Wednesday, June 22, 2016 8:18:51 PM Total Errors: 181, Errors this iteration: 1, Total Bits Simulated: 528, Bit Error Rate: 0.34280303030303, Percent errors found: 36.2
Wednesday, June 22, 2016 8:18:51 PM Total Errors: 183, Errors this iteration: 2, Total Bits Simulated: 530, Bit Error Rate: 0.345283018867925, Percent errors found: 36.6
Wednesday, June 22, 2016 8:18:51 PM Total Errors: 184, Errors this iteration: 1, Total Bits Simulated: 532, Bit Error Rate: 0.345864661654135, Percent errors found: 36.8
Wednesday, June 22, 2016 8:18:51 PM Total Errors: 186, Errors this iteration: 2, Total Bits Simulated: 534, Bit Error Rate: 0.348314606741573, Percent errors found: 37.2
Wednesday, June 22, 2016 8:18:51 PM Total Errors: 188, Errors this iteration: 2, Total Bits Simulated: 542, Bit Error Rate: 0.346863468634686, Percent errors found: 37.6
Wednesday, June 22, 2016 8:18:51 PM Total Errors: 189, Errors this iteration: 1, Total Bits Simulated: 548, Bit Error Rate: 0.344890510948905, Percent errors found: 37.8
Wednesday, June 22, 2016 8:18:51 PM Total Errors: 191, Errors this iteration: 2, Total Bits Simulated: 550, Bit Error Rate: 0.347272727272727, Percent errors found: 38.2
Wednesday, June 22, 2016 8:18:51 PM Total Errors: 192, Errors this iteration: 1, Total Bits Simulated: 554, Bit Error Rate: 0.346570397111913, Percent errors found: 38.4
Wednesday, June 22, 2016 8:18:51 PM Total Errors: 193, Errors this iteration: 1, Total Bits Simulated: 556, Bit Error Rate: 0.347122302158273, Percent errors found: 38.6
Wednesday, June 22, 2016 8:18:51 PM Total Errors: 194, Errors this iteration: 1, Total Bits Simulated: 558, Bit Error Rate: 0.347670250896057, Percent errors found: 38.8
Wednesday, June 22, 2016 8:18:51 PM Total Errors: 195, Errors this iteration: 1, Total Bits Simulated: 566, Bit Error Rate: 0.34452296819788, Percent errors found: 39
Wednesday, June 22, 2016 8:18:51 PM Total Errors: 196, Errors this iteration: 1, Total Bits Simulated: 574, Bit Error Rate: 0.341463414634146, Percent errors found: 39.2
Wednesday, June 22, 2016 8:18:51 PM Total Errors: 197, Errors this iteration: 1, Total Bits Simulated: 580, Bit Error Rate: 0.339655172413793, Percent errors found: 39.4
Wednesday, June 22, 2016 8:18:51 PM Total Errors: 198, Errors this iteration: 1, Total Bits Simulated: 588, Bit Error Rate: 0.336734693877551, Percent errors found: 39.6
Wednesday, June 22, 2016 8:18:51 PM Total Errors: 199, Errors this iteration: 1, Total Bits Simulated: 590, Bit Error Rate: 0.33728813559322, Percent errors found: 39.8
Wednesday, June 22, 2016 8:18:51 PM Total Errors: 200, Errors this iteration: 1, Total Bits Simulated: 592, Bit Error Rate: 0.337837837837838, Percent errors found: 40
Wednesday, June 22, 2016 8:18:51 PM Total Errors: 201, Errors this iteration: 1, Total Bits Simulated: 602, Bit Error Rate: 0.333887043189369, Percent errors found: 40.2
Wednesday, June 22, 2016 8:18:51 PM Total Errors: 203, Errors this iteration: 2, Total Bits Simulated: 604, Bit Error Rate: 0.336092715231788, Percent errors found: 40.6
Wednesday, June 22, 2016 8:18:51 PM Total Errors: 205, Errors this iteration: 2, Total Bits Simulated: 606, Bit Error Rate: 0.338283828382838, Percent errors found: 41
Wednesday, June 22, 2016 8:18:51 PM Total Errors: 207, Errors this iteration: 2, Total Bits Simulated: 616, Bit Error Rate: 0.336038961038961, Percent errors found: 41.4
Wednesday, June 22, 2016 8:18:51 PM Total Errors: 208, Errors this iteration: 1, Total Bits Simulated: 618, Bit Error Rate: 0.336569579288026, Percent errors found: 41.6
Wednesday, June 22, 2016 8:18:51 PM Total Errors: 209, Errors this iteration: 1, Total Bits Simulated: 622, Bit Error Rate: 0.336012861736334, Percent errors found: 41.8
Wednesday, June 22, 2016 8:18:51 PM Total Errors: 210, Errors this iteration: 1, Total Bits Simulated: 638, Bit Error Rate: 0.329153605015674, Percent errors found: 42
Wednesday, June 22, 2016 8:18:51 PM Total Errors: 211, Errors this iteration: 1, Total Bits Simulated: 640, Bit Error Rate: 0.3296875, Percent errors found: 42.2
Wednesday, June 22, 2016 8:18:51 PM Total Errors: 212, Errors this iteration: 1, Total Bits Simulated: 648, Bit Error Rate: 0.327160493827161, Percent errors found: 42.4
Wednesday, June 22, 2016 8:18:51 PM Total Errors: 213, Errors this iteration: 1, Total Bits Simulated: 650, Bit Error Rate: 0.327692307692308, Percent errors found: 42.6
Wednesday, June 22, 2016 8:18:51 PM Total Errors: 214, Errors this iteration: 1, Total Bits Simulated: 662, Bit Error Rate: 0.323262839879154, Percent errors found: 42.8
Wednesday, June 22, 2016 8:18:51 PM Total Errors: 215, Errors this iteration: 1, Total Bits Simulated: 664, Bit Error Rate: 0.323795180722892, Percent errors found: 43
Wednesday, June 22, 2016 8:18:51 PM Total Errors: 216, Errors this iteration: 1, Total Bits Simulated: 668, Bit Error Rate: 0.323353293413174, Percent errors found: 43.2
Wednesday, June 22, 2016 8:18:51 PM Total Errors: 217, Errors this iteration: 1, Total Bits Simulated: 672, Bit Error Rate: 0.322916666666667, Percent errors found: 43.4
Wednesday, June 22, 2016 8:18:51 PM Total Errors: 219, Errors this iteration: 2, Total Bits Simulated: 674, Bit Error Rate: 0.324925816023739, Percent errors found: 43.8
Wednesday, June 22, 2016 8:18:51 PM Total Errors: 220, Errors this iteration: 1, Total Bits Simulated: 682, Bit Error Rate: 0.32258064516129, Percent errors found: 44
Wednesday, June 22, 2016 8:18:51 PM Total Errors: 221, Errors this iteration: 1, Total Bits Simulated: 684, Bit Error Rate: 0.323099415204678, Percent errors found: 44.2
Wednesday, June 22, 2016 8:18:51 PM Total Errors: 222, Errors this iteration: 1, Total Bits Simulated: 686, Bit Error Rate: 0.323615160349854, Percent errors found: 44.4
Wednesday, June 22, 2016 8:18:51 PM Total Errors: 224, Errors this iteration: 2, Total Bits Simulated: 694, Bit Error Rate: 0.322766570605187, Percent errors found: 44.8
Wednesday, June 22, 2016 8:18:51 PM Total Errors: 225, Errors this iteration: 1, Total Bits Simulated: 696, Bit Error Rate: 0.323275862068966, Percent errors found: 45
Wednesday, June 22, 2016 8:18:51 PM Total Errors: 226, Errors this iteration: 1, Total Bits Simulated: 702, Bit Error Rate: 0.321937321937322, Percent errors found: 45.2
Wednesday, June 22, 2016 8:18:51 PM Total Errors: 227, Errors this iteration: 1, Total Bits Simulated: 706, Bit Error Rate: 0.321529745042493, Percent errors found: 45.4
Wednesday, June 22, 2016 8:18:51 PM Total Errors: 229, Errors this iteration: 2, Total Bits Simulated: 708, Bit Error Rate: 0.323446327683616, Percent errors found: 45.8
Wednesday, June 22, 2016 8:18:51 PM Total Errors: 230, Errors this iteration: 1, Total Bits Simulated: 710, Bit Error Rate: 0.323943661971831, Percent errors found: 46
Wednesday, June 22, 2016 8:18:51 PM Total Errors: 231, Errors this iteration: 1, Total Bits Simulated: 712, Bit Error Rate: 0.324438202247191, Percent errors found: 46.2
Wednesday, June 22, 2016 8:18:51 PM Total Errors: 232, Errors this iteration: 1, Total Bits Simulated: 714, Bit Error Rate: 0.324929971988796, Percent errors found: 46.4
Wednesday, June 22, 2016 8:18:52 PM Total Errors: 234, Errors this iteration: 2, Total Bits Simulated: 716, Bit Error Rate: 0.326815642458101, Percent errors found: 46.8
Wednesday, June 22, 2016 8:18:52 PM Total Errors: 235, Errors this iteration: 1, Total Bits Simulated: 718, Bit Error Rate: 0.327298050139276, Percent errors found: 47
Wednesday, June 22, 2016 8:18:52 PM Total Errors: 236, Errors this iteration: 1, Total Bits Simulated: 720, Bit Error Rate: 0.327777777777778, Percent errors found: 47.2
Wednesday, June 22, 2016 8:18:52 PM Total Errors: 237, Errors this iteration: 1, Total Bits Simulated: 726, Bit Error Rate: 0.326446280991736, Percent errors found: 47.4
Wednesday, June 22, 2016 8:18:52 PM Total Errors: 238, Errors this iteration: 1, Total Bits Simulated: 730, Bit Error Rate: 0.326027397260274, Percent errors found: 47.6
Wednesday, June 22, 2016 8:18:52 PM Total Errors: 239, Errors this iteration: 1, Total Bits Simulated: 732, Bit Error Rate: 0.326502732240437, Percent errors found: 47.8
Wednesday, June 22, 2016 8:18:52 PM Total Errors: 240, Errors this iteration: 1, Total Bits Simulated: 736, Bit Error Rate: 0.326086956521739, Percent errors found: 48
Wednesday, June 22, 2016 8:18:52 PM Total Errors: 241, Errors this iteration: 1, Total Bits Simulated: 738, Bit Error Rate: 0.326558265582656, Percent errors found: 48.2
Wednesday, June 22, 2016 8:18:52 PM Total Errors: 242, Errors this iteration: 1, Total Bits Simulated: 740, Bit Error Rate: 0.327027027027027, Percent errors found: 48.4
Wednesday, June 22, 2016 8:18:52 PM Total Errors: 243, Errors this iteration: 1, Total Bits Simulated: 742, Bit Error Rate: 0.327493261455526, Percent errors found: 48.6
Wednesday, June 22, 2016 8:18:52 PM Total Errors: 245, Errors this iteration: 2, Total Bits Simulated: 744, Bit Error Rate: 0.329301075268817, Percent errors found: 49
Wednesday, June 22, 2016 8:18:52 PM Total Errors: 247, Errors this iteration: 2, Total Bits Simulated: 746, Bit Error Rate: 0.331099195710456, Percent errors found: 49.4
Wednesday, June 22, 2016 8:18:52 PM Total Errors: 248, Errors this iteration: 1, Total Bits Simulated: 748, Bit Error Rate: 0.331550802139037, Percent errors found: 49.6
Wednesday, June 22, 2016 8:18:52 PM Total Errors: 249, Errors this iteration: 1, Total Bits Simulated: 754, Bit Error Rate: 0.330238726790451, Percent errors found: 49.8
Wednesday, June 22, 2016 8:18:52 PM Total Errors: 251, Errors this iteration: 2, Total Bits Simulated: 758, Bit Error Rate: 0.331134564643799, Percent errors found: 50.2
Wednesday, June 22, 2016 8:18:52 PM Total Errors: 252, Errors this iteration: 1, Total Bits Simulated: 760, Bit Error Rate: 0.331578947368421, Percent errors found: 50.4
Wednesday, June 22, 2016 8:18:52 PM Total Errors: 253, Errors this iteration: 1, Total Bits Simulated: 762, Bit Error Rate: 0.332020997375328, Percent errors found: 50.6
Wednesday, June 22, 2016 8:18:52 PM Total Errors: 254, Errors this iteration: 1, Total Bits Simulated: 764, Bit Error Rate: 0.332460732984293, Percent errors found: 50.8
Wednesday, June 22, 2016 8:18:52 PM Total Errors: 255, Errors this iteration: 1, Total Bits Simulated: 766, Bit Error Rate: 0.33289817232376, Percent errors found: 51
Wednesday, June 22, 2016 8:18:52 PM Total Errors: 256, Errors this iteration: 1, Total Bits Simulated: 772, Bit Error Rate: 0.33160621761658, Percent errors found: 51.2
Wednesday, June 22, 2016 8:18:52 PM Total Errors: 257, Errors this iteration: 1, Total Bits Simulated: 774, Bit Error Rate: 0.332041343669251, Percent errors found: 51.4
Wednesday, June 22, 2016 8:18:52 PM Total Errors: 259, Errors this iteration: 2, Total Bits Simulated: 776, Bit Error Rate: 0.333762886597938, Percent errors found: 51.8
Wednesday, June 22, 2016 8:18:52 PM Total Errors: 260, Errors this iteration: 1, Total Bits Simulated: 778, Bit Error Rate: 0.334190231362468, Percent errors found: 52
Wednesday, June 22, 2016 8:18:52 PM Total Errors: 261, Errors this iteration: 1, Total Bits Simulated: 780, Bit Error Rate: 0.334615384615385, Percent errors found: 52.2
Wednesday, June 22, 2016 8:18:52 PM Total Errors: 263, Errors this iteration: 2, Total Bits Simulated: 782, Bit Error Rate: 0.336317135549872, Percent errors found: 52.6
Wednesday, June 22, 2016 8:18:52 PM Total Errors: 264, Errors this iteration: 1, Total Bits Simulated: 784, Bit Error Rate: 0.336734693877551, Percent errors found: 52.8
Wednesday, June 22, 2016 8:18:52 PM Total Errors: 265, Errors this iteration: 1, Total Bits Simulated: 786, Bit Error Rate: 0.337150127226463, Percent errors found: 53
Wednesday, June 22, 2016 8:18:52 PM Total Errors: 267, Errors this iteration: 2, Total Bits Simulated: 788, Bit Error Rate: 0.338832487309645, Percent errors found: 53.4
Wednesday, June 22, 2016 8:18:52 PM Total Errors: 268, Errors this iteration: 1, Total Bits Simulated: 790, Bit Error Rate: 0.339240506329114, Percent errors found: 53.6
Wednesday, June 22, 2016 8:18:52 PM Total Errors: 269, Errors this iteration: 1, Total Bits Simulated: 792, Bit Error Rate: 0.339646464646465, Percent errors found: 53.8
Wednesday, June 22, 2016 8:18:52 PM Total Errors: 270, Errors this iteration: 1, Total Bits Simulated: 806, Bit Error Rate: 0.334987593052109, Percent errors found: 54
Wednesday, June 22, 2016 8:18:52 PM Total Errors: 271, Errors this iteration: 1, Total Bits Simulated: 808, Bit Error Rate: 0.33539603960396, Percent errors found: 54.2
Wednesday, June 22, 2016 8:18:52 PM Total Errors: 272, Errors this iteration: 1, Total Bits Simulated: 812, Bit Error Rate: 0.334975369458128, Percent errors found: 54.4
Wednesday, June 22, 2016 8:18:52 PM Total Errors: 273, Errors this iteration: 1, Total Bits Simulated: 816, Bit Error Rate: 0.334558823529412, Percent errors found: 54.6
Wednesday, June 22, 2016 8:18:52 PM Total Errors: 275, Errors this iteration: 2, Total Bits Simulated: 820, Bit Error Rate: 0.335365853658537, Percent errors found: 55
Wednesday, June 22, 2016 8:18:52 PM Total Errors: 276, Errors this iteration: 1, Total Bits Simulated: 822, Bit Error Rate: 0.335766423357664, Percent errors found: 55.2
Wednesday, June 22, 2016 8:18:52 PM Total Errors: 277, Errors this iteration: 1, Total Bits Simulated: 828, Bit Error Rate: 0.334541062801932, Percent errors found: 55.4
Wednesday, June 22, 2016 8:18:52 PM Total Errors: 278, Errors this iteration: 1, Total Bits Simulated: 830, Bit Error Rate: 0.334939759036145, Percent errors found: 55.6
Wednesday, June 22, 2016 8:18:52 PM Total Errors: 279, Errors this iteration: 1, Total Bits Simulated: 836, Bit Error Rate: 0.333732057416268, Percent errors found: 55.8
Wednesday, June 22, 2016 8:18:52 PM Total Errors: 280, Errors this iteration: 1, Total Bits Simulated: 838, Bit Error Rate: 0.334128878281623, Percent errors found: 56
Wednesday, June 22, 2016 8:18:52 PM Total Errors: 282, Errors this iteration: 2, Total Bits Simulated: 840, Bit Error Rate: 0.335714285714286, Percent errors found: 56.4
Wednesday, June 22, 2016 8:18:52 PM Total Errors: 283, Errors this iteration: 1, Total Bits Simulated: 842, Bit Error Rate: 0.336104513064133, Percent errors found: 56.6
Wednesday, June 22, 2016 8:18:52 PM Total Errors: 284, Errors this iteration: 1, Total Bits Simulated: 848, Bit Error Rate: 0.334905660377358, Percent errors found: 56.8
Wednesday, June 22, 2016 8:18:52 PM Total Errors: 286, Errors this iteration: 2, Total Bits Simulated: 850, Bit Error Rate: 0.336470588235294, Percent errors found: 57.2
Wednesday, June 22, 2016 8:18:52 PM Total Errors: 287, Errors this iteration: 1, Total Bits Simulated: 854, Bit Error Rate: 0.336065573770492, Percent errors found: 57.4
Wednesday, June 22, 2016 8:18:52 PM Total Errors: 289, Errors this iteration: 2, Total Bits Simulated: 860, Bit Error Rate: 0.336046511627907, Percent errors found: 57.8
Wednesday, June 22, 2016 8:18:52 PM Total Errors: 290, Errors this iteration: 1, Total Bits Simulated: 868, Bit Error Rate: 0.334101382488479, Percent errors found: 58
Wednesday, June 22, 2016 8:18:52 PM Total Errors: 291, Errors this iteration: 1, Total Bits Simulated: 872, Bit Error Rate: 0.333715596330275, Percent errors found: 58.2
Wednesday, June 22, 2016 8:18:52 PM Total Errors: 292, Errors this iteration: 1, Total Bits Simulated: 878, Bit Error Rate: 0.332574031890661, Percent errors found: 58.4
Wednesday, June 22, 2016 8:18:52 PM Total Errors: 293, Errors this iteration: 1, Total Bits Simulated: 882, Bit Error Rate: 0.332199546485261, Percent errors found: 58.6
Wednesday, June 22, 2016 8:18:52 PM Total Errors: 294, Errors this iteration: 1, Total Bits Simulated: 886, Bit Error Rate: 0.331828442437923, Percent errors found: 58.8
Wednesday, June 22, 2016 8:18:52 PM Total Errors: 295, Errors this iteration: 1, Total Bits Simulated: 890, Bit Error Rate: 0.331460674157303, Percent errors found: 59
Wednesday, June 22, 2016 8:18:52 PM Total Errors: 296, Errors this iteration: 1, Total Bits Simulated: 898, Bit Error Rate: 0.329621380846325, Percent errors found: 59.2
Wednesday, June 22, 2016 8:18:52 PM Total Errors: 298, Errors this iteration: 2, Total Bits Simulated: 900, Bit Error Rate: 0.331111111111111, Percent errors found: 59.6
Wednesday, June 22, 2016 8:18:52 PM Total Errors: 299, Errors this iteration: 1, Total Bits Simulated: 904, Bit Error Rate: 0.330752212389381, Percent errors found: 59.8
Wednesday, June 22, 2016 8:18:52 PM Total Errors: 300, Errors this iteration: 1, Total Bits Simulated: 906, Bit Error Rate: 0.33112582781457, Percent errors found: 60
Wednesday, June 22, 2016 8:18:52 PM Total Errors: 302, Errors this iteration: 2, Total Bits Simulated: 908, Bit Error Rate: 0.332599118942731, Percent errors found: 60.4
Wednesday, June 22, 2016 8:18:52 PM Total Errors: 303, Errors this iteration: 1, Total Bits Simulated: 912, Bit Error Rate: 0.332236842105263, Percent errors found: 60.6
Wednesday, June 22, 2016 8:18:52 PM Total Errors: 305, Errors this iteration: 2, Total Bits Simulated: 918, Bit Error Rate: 0.332244008714597, Percent errors found: 61
Wednesday, June 22, 2016 8:18:52 PM Total Errors: 306, Errors this iteration: 1, Total Bits Simulated: 928, Bit Error Rate: 0.329741379310345, Percent errors found: 61.2
Wednesday, June 22, 2016 8:18:52 PM Total Errors: 308, Errors this iteration: 2, Total Bits Simulated: 930, Bit Error Rate: 0.331182795698925, Percent errors found: 61.6
Wednesday, June 22, 2016 8:18:52 PM Total Errors: 309, Errors this iteration: 1, Total Bits Simulated: 936, Bit Error Rate: 0.330128205128205, Percent errors found: 61.8
Wednesday, June 22, 2016 8:18:52 PM Total Errors: 310, Errors this iteration: 1, Total Bits Simulated: 940, Bit Error Rate: 0.329787234042553, Percent errors found: 62
Wednesday, June 22, 2016 8:18:52 PM Total Errors: 311, Errors this iteration: 1, Total Bits Simulated: 942, Bit Error Rate: 0.330148619957537, Percent errors found: 62.2
Wednesday, June 22, 2016 8:18:52 PM Total Errors: 312, Errors this iteration: 1, Total Bits Simulated: 944, Bit Error Rate: 0.330508474576271, Percent errors found: 62.4
Wednesday, June 22, 2016 8:18:52 PM Total Errors: 313, Errors this iteration: 1, Total Bits Simulated: 946, Bit Error Rate: 0.330866807610994, Percent errors found: 62.6
Wednesday, June 22, 2016 8:18:52 PM Total Errors: 314, Errors this iteration: 1, Total Bits Simulated: 950, Bit Error Rate: 0.330526315789474, Percent errors found: 62.8
Wednesday, June 22, 2016 8:18:52 PM Total Errors: 315, Errors this iteration: 1, Total Bits Simulated: 952, Bit Error Rate: 0.330882352941176, Percent errors found: 63
Wednesday, June 22, 2016 8:18:52 PM Total Errors: 316, Errors this iteration: 1, Total Bits Simulated: 960, Bit Error Rate: 0.329166666666667, Percent errors found: 63.2
Wednesday, June 22, 2016 8:18:52 PM Total Errors: 317, Errors this iteration: 1, Total Bits Simulated: 962, Bit Error Rate: 0.32952182952183, Percent errors found: 63.4
Wednesday, June 22, 2016 8:18:53 PM Total Errors: 318, Errors this iteration: 1, Total Bits Simulated: 964, Bit Error Rate: 0.329875518672199, Percent errors found: 63.6
Wednesday, June 22, 2016 8:18:53 PM Total Errors: 319, Errors this iteration: 1, Total Bits Simulated: 974, Bit Error Rate: 0.327515400410678, Percent errors found: 63.8
Wednesday, June 22, 2016 8:18:53 PM Total Errors: 320, Errors this iteration: 1, Total Bits Simulated: 976, Bit Error Rate: 0.327868852459016, Percent errors found: 64
Wednesday, June 22, 2016 8:18:53 PM Total Errors: 321, Errors this iteration: 1, Total Bits Simulated: 978, Bit Error Rate: 0.328220858895706, Percent errors found: 64.2
Wednesday, June 22, 2016 8:18:53 PM Total Errors: 322, Errors this iteration: 1, Total Bits Simulated: 984, Bit Error Rate: 0.327235772357724, Percent errors found: 64.4
Wednesday, June 22, 2016 8:18:53 PM Total Errors: 323, Errors this iteration: 1, Total Bits Simulated: 990, Bit Error Rate: 0.326262626262626, Percent errors found: 64.6
Wednesday, June 22, 2016 8:18:53 PM Total Errors: 324, Errors this iteration: 1, Total Bits Simulated: 996, Bit Error Rate: 0.325301204819277, Percent errors found: 64.8
Wednesday, June 22, 2016 8:18:53 PM Total Errors: 325, Errors this iteration: 1, Total Bits Simulated: 998, Bit Error Rate: 0.32565130260521, Percent errors found: 65
Wednesday, June 22, 2016 8:18:53 PM Total Errors: 326, Errors this iteration: 1, Total Bits Simulated: 1000, Bit Error Rate: 0.326, Percent errors found: 65.2
Wednesday, June 22, 2016 8:18:53 PM Total Errors: 327, Errors this iteration: 1, Total Bits Simulated: 1006, Bit Error Rate: 0.325049701789264, Percent errors found: 65.4
Wednesday, June 22, 2016 8:18:53 PM Total Errors: 328, Errors this iteration: 1, Total Bits Simulated: 1008, Bit Error Rate: 0.325396825396825, Percent errors found: 65.6
Wednesday, June 22, 2016 8:18:53 PM Total Errors: 329, Errors this iteration: 1, Total Bits Simulated: 1010, Bit Error Rate: 0.325742574257426, Percent errors found: 65.8
Wednesday, June 22, 2016 8:18:53 PM Total Errors: 330, Errors this iteration: 1, Total Bits Simulated: 1012, Bit Error Rate: 0.326086956521739, Percent errors found: 66
Wednesday, June 22, 2016 8:18:53 PM Total Errors: 332, Errors this iteration: 2, Total Bits Simulated: 1016, Bit Error Rate: 0.326771653543307, Percent errors found: 66.4
Wednesday, June 22, 2016 8:18:53 PM Total Errors: 333, Errors this iteration: 1, Total Bits Simulated: 1022, Bit Error Rate: 0.325831702544031, Percent errors found: 66.6
Wednesday, June 22, 2016 8:18:53 PM Total Errors: 334, Errors this iteration: 1, Total Bits Simulated: 1024, Bit Error Rate: 0.326171875, Percent errors found: 66.8
Wednesday, June 22, 2016 8:18:53 PM Total Errors: 336, Errors this iteration: 2, Total Bits Simulated: 1028, Bit Error Rate: 0.326848249027237, Percent errors found: 67.2
Wednesday, June 22, 2016 8:18:53 PM Total Errors: 338, Errors this iteration: 2, Total Bits Simulated: 1032, Bit Error Rate: 0.327519379844961, Percent errors found: 67.6
Wednesday, June 22, 2016 8:18:53 PM Total Errors: 339, Errors this iteration: 1, Total Bits Simulated: 1034, Bit Error Rate: 0.327852998065764, Percent errors found: 67.8
Wednesday, June 22, 2016 8:18:53 PM Total Errors: 340, Errors this iteration: 1, Total Bits Simulated: 1036, Bit Error Rate: 0.328185328185328, Percent errors found: 68
Wednesday, June 22, 2016 8:18:53 PM Total Errors: 341, Errors this iteration: 1, Total Bits Simulated: 1038, Bit Error Rate: 0.328516377649326, Percent errors found: 68.2
Wednesday, June 22, 2016 8:18:53 PM Total Errors: 342, Errors this iteration: 1, Total Bits Simulated: 1042, Bit Error Rate: 0.328214971209213, Percent errors found: 68.4
Wednesday, June 22, 2016 8:18:53 PM Total Errors: 343, Errors this iteration: 1, Total Bits Simulated: 1044, Bit Error Rate: 0.328544061302682, Percent errors found: 68.6
Wednesday, June 22, 2016 8:18:53 PM Total Errors: 345, Errors this iteration: 2, Total Bits Simulated: 1052, Bit Error Rate: 0.327946768060837, Percent errors found: 69
Wednesday, June 22, 2016 8:18:53 PM Total Errors: 346, Errors this iteration: 1, Total Bits Simulated: 1054, Bit Error Rate: 0.328273244781784, Percent errors found: 69.2
Wednesday, June 22, 2016 8:18:53 PM Total Errors: 347, Errors this iteration: 1, Total Bits Simulated: 1056, Bit Error Rate: 0.328598484848485, Percent errors found: 69.4
Wednesday, June 22, 2016 8:18:53 PM Total Errors: 348, Errors this iteration: 1, Total Bits Simulated: 1060, Bit Error Rate: 0.328301886792453, Percent errors found: 69.6
Wednesday, June 22, 2016 8:18:53 PM Total Errors: 350, Errors this iteration: 2, Total Bits Simulated: 1066, Bit Error Rate: 0.328330206378987, Percent errors found: 70
Wednesday, June 22, 2016 8:18:53 PM Total Errors: 351, Errors this iteration: 1, Total Bits Simulated: 1076, Bit Error Rate: 0.326208178438662, Percent errors found: 70.2
Wednesday, June 22, 2016 8:18:53 PM Total Errors: 352, Errors this iteration: 1, Total Bits Simulated: 1080, Bit Error Rate: 0.325925925925926, Percent errors found: 70.4
Wednesday, June 22, 2016 8:18:53 PM Total Errors: 353, Errors this iteration: 1, Total Bits Simulated: 1082, Bit Error Rate: 0.326247689463956, Percent errors found: 70.6
Wednesday, June 22, 2016 8:18:53 PM Total Errors: 354, Errors this iteration: 1, Total Bits Simulated: 1086, Bit Error Rate: 0.325966850828729, Percent errors found: 70.8
Wednesday, June 22, 2016 8:18:53 PM Total Errors: 356, Errors this iteration: 2, Total Bits Simulated: 1088, Bit Error Rate: 0.327205882352941, Percent errors found: 71.2
Wednesday, June 22, 2016 8:18:53 PM Total Errors: 357, Errors this iteration: 1, Total Bits Simulated: 1100, Bit Error Rate: 0.324545454545455, Percent errors found: 71.4
Wednesday, June 22, 2016 8:18:53 PM Total Errors: 358, Errors this iteration: 1, Total Bits Simulated: 1102, Bit Error Rate: 0.32486388384755, Percent errors found: 71.6
Wednesday, June 22, 2016 8:18:53 PM Total Errors: 359, Errors this iteration: 1, Total Bits Simulated: 1104, Bit Error Rate: 0.32518115942029, Percent errors found: 71.8
Wednesday, June 22, 2016 8:18:53 PM Total Errors: 361, Errors this iteration: 2, Total Bits Simulated: 1106, Bit Error Rate: 0.326401446654611, Percent errors found: 72.2
Wednesday, June 22, 2016 8:18:53 PM Total Errors: 362, Errors this iteration: 1, Total Bits Simulated: 1116, Bit Error Rate: 0.324372759856631, Percent errors found: 72.4
Wednesday, June 22, 2016 8:18:53 PM Total Errors: 363, Errors this iteration: 1, Total Bits Simulated: 1118, Bit Error Rate: 0.324686940966011, Percent errors found: 72.6
Wednesday, June 22, 2016 8:18:53 PM Total Errors: 364, Errors this iteration: 1, Total Bits Simulated: 1124, Bit Error Rate: 0.323843416370107, Percent errors found: 72.8
Wednesday, June 22, 2016 8:18:53 PM Total Errors: 365, Errors this iteration: 1, Total Bits Simulated: 1126, Bit Error Rate: 0.324156305506217, Percent errors found: 73
Wednesday, June 22, 2016 8:18:53 PM Total Errors: 366, Errors this iteration: 1, Total Bits Simulated: 1128, Bit Error Rate: 0.324468085106383, Percent errors found: 73.2
Wednesday, June 22, 2016 8:18:53 PM Total Errors: 367, Errors this iteration: 1, Total Bits Simulated: 1132, Bit Error Rate: 0.324204946996466, Percent errors found: 73.4
Wednesday, June 22, 2016 8:18:53 PM Total Errors: 368, Errors this iteration: 1, Total Bits Simulated: 1134, Bit Error Rate: 0.324514991181658, Percent errors found: 73.6
Wednesday, June 22, 2016 8:18:53 PM Total Errors: 369, Errors this iteration: 1, Total Bits Simulated: 1138, Bit Error Rate: 0.324253075571178, Percent errors found: 73.8
Wednesday, June 22, 2016 8:18:53 PM Total Errors: 370, Errors this iteration: 1, Total Bits Simulated: 1140, Bit Error Rate: 0.324561403508772, Percent errors found: 74
Wednesday, June 22, 2016 8:18:53 PM Total Errors: 371, Errors this iteration: 1, Total Bits Simulated: 1142, Bit Error Rate: 0.324868651488616, Percent errors found: 74.2
Wednesday, June 22, 2016 8:18:53 PM Total Errors: 373, Errors this iteration: 2, Total Bits Simulated: 1144, Bit Error Rate: 0.326048951048951, Percent errors found: 74.6
Wednesday, June 22, 2016 8:18:53 PM Total Errors: 374, Errors this iteration: 1, Total Bits Simulated: 1150, Bit Error Rate: 0.325217391304348, Percent errors found: 74.8
Wednesday, June 22, 2016 8:18:53 PM Total Errors: 376, Errors this iteration: 2, Total Bits Simulated: 1152, Bit Error Rate: 0.326388888888889, Percent errors found: 75.2
Wednesday, June 22, 2016 8:18:53 PM Total Errors: 377, Errors this iteration: 1, Total Bits Simulated: 1160, Bit Error Rate: 0.325, Percent errors found: 75.4
Wednesday, June 22, 2016 8:18:53 PM Total Errors: 378, Errors this iteration: 1, Total Bits Simulated: 1162, Bit Error Rate: 0.325301204819277, Percent errors found: 75.6
Wednesday, June 22, 2016 8:18:53 PM Total Errors: 379, Errors this iteration: 1, Total Bits Simulated: 1164, Bit Error Rate: 0.325601374570447, Percent errors found: 75.8
Wednesday, June 22, 2016 8:18:53 PM Total Errors: 380, Errors this iteration: 1, Total Bits Simulated: 1170, Bit Error Rate: 0.324786324786325, Percent errors found: 76
Wednesday, June 22, 2016 8:18:53 PM Total Errors: 381, Errors this iteration: 1, Total Bits Simulated: 1174, Bit Error Rate: 0.324531516183986, Percent errors found: 76.2
Wednesday, June 22, 2016 8:18:53 PM Total Errors: 382, Errors this iteration: 1, Total Bits Simulated: 1176, Bit Error Rate: 0.324829931972789, Percent errors found: 76.4
Wednesday, June 22, 2016 8:18:53 PM Total Errors: 383, Errors this iteration: 1, Total Bits Simulated: 1180, Bit Error Rate: 0.324576271186441, Percent errors found: 76.6
Wednesday, June 22, 2016 8:18:53 PM Total Errors: 384, Errors this iteration: 1, Total Bits Simulated: 1182, Bit Error Rate: 0.3248730964467, Percent errors found: 76.8
Wednesday, June 22, 2016 8:18:53 PM Total Errors: 385, Errors this iteration: 1, Total Bits Simulated: 1186, Bit Error Rate: 0.324620573355818, Percent errors found: 77
Wednesday, June 22, 2016 8:18:53 PM Total Errors: 386, Errors this iteration: 1, Total Bits Simulated: 1192, Bit Error Rate: 0.323825503355705, Percent errors found: 77.2
Wednesday, June 22, 2016 8:18:53 PM Total Errors: 388, Errors this iteration: 2, Total Bits Simulated: 1194, Bit Error Rate: 0.324958123953099, Percent errors found: 77.6
Wednesday, June 22, 2016 8:18:54 PM Total Errors: 389, Errors this iteration: 1, Total Bits Simulated: 1202, Bit Error Rate: 0.323627287853577, Percent errors found: 77.8
Wednesday, June 22, 2016 8:18:54 PM Total Errors: 390, Errors this iteration: 1, Total Bits Simulated: 1206, Bit Error Rate: 0.323383084577114, Percent errors found: 78
Wednesday, June 22, 2016 8:18:54 PM Total Errors: 392, Errors this iteration: 2, Total Bits Simulated: 1214, Bit Error Rate: 0.322899505766063, Percent errors found: 78.4
Wednesday, June 22, 2016 8:18:54 PM Total Errors: 393, Errors this iteration: 1, Total Bits Simulated: 1224, Bit Error Rate: 0.321078431372549, Percent errors found: 78.6
Wednesday, June 22, 2016 8:18:54 PM Total Errors: 394, Errors this iteration: 1, Total Bits Simulated: 1226, Bit Error Rate: 0.32137030995106, Percent errors found: 78.8
Wednesday, June 22, 2016 8:18:54 PM Total Errors: 395, Errors this iteration: 1, Total Bits Simulated: 1230, Bit Error Rate: 0.321138211382114, Percent errors found: 79
Wednesday, June 22, 2016 8:18:54 PM Total Errors: 396, Errors this iteration: 1, Total Bits Simulated: 1232, Bit Error Rate: 0.321428571428571, Percent errors found: 79.2
Wednesday, June 22, 2016 8:18:54 PM Total Errors: 398, Errors this iteration: 2, Total Bits Simulated: 1234, Bit Error Rate: 0.322528363047002, Percent errors found: 79.6
Wednesday, June 22, 2016 8:18:54 PM Total Errors: 400, Errors this iteration: 2, Total Bits Simulated: 1236, Bit Error Rate: 0.323624595469256, Percent errors found: 80
Wednesday, June 22, 2016 8:18:54 PM Total Errors: 401, Errors this iteration: 1, Total Bits Simulated: 1238, Bit Error Rate: 0.323909531502423, Percent errors found: 80.2
Wednesday, June 22, 2016 8:18:54 PM Total Errors: 402, Errors this iteration: 1, Total Bits Simulated: 1240, Bit Error Rate: 0.324193548387097, Percent errors found: 80.4
Wednesday, June 22, 2016 8:18:54 PM Total Errors: 403, Errors this iteration: 1, Total Bits Simulated: 1242, Bit Error Rate: 0.324476650563607, Percent errors found: 80.6
Wednesday, June 22, 2016 8:18:54 PM Total Errors: 405, Errors this iteration: 2, Total Bits Simulated: 1246, Bit Error Rate: 0.325040128410915, Percent errors found: 81
Wednesday, June 22, 2016 8:18:54 PM Total Errors: 406, Errors this iteration: 1, Total Bits Simulated: 1248, Bit Error Rate: 0.325320512820513, Percent errors found: 81.2
Wednesday, June 22, 2016 8:18:54 PM Total Errors: 407, Errors this iteration: 1, Total Bits Simulated: 1252, Bit Error Rate: 0.325079872204473, Percent errors found: 81.4
Wednesday, June 22, 2016 8:18:54 PM Total Errors: 408, Errors this iteration: 1, Total Bits Simulated: 1254, Bit Error Rate: 0.325358851674641, Percent errors found: 81.6
Wednesday, June 22, 2016 8:18:54 PM Total Errors: 410, Errors this iteration: 2, Total Bits Simulated: 1260, Bit Error Rate: 0.325396825396825, Percent errors found: 82
Wednesday, June 22, 2016 8:18:54 PM Total Errors: 411, Errors this iteration: 1, Total Bits Simulated: 1266, Bit Error Rate: 0.324644549763033, Percent errors found: 82.2
Wednesday, June 22, 2016 8:18:54 PM Total Errors: 412, Errors this iteration: 1, Total Bits Simulated: 1268, Bit Error Rate: 0.324921135646688, Percent errors found: 82.4
Wednesday, June 22, 2016 8:18:54 PM Total Errors: 413, Errors this iteration: 1, Total Bits Simulated: 1270, Bit Error Rate: 0.325196850393701, Percent errors found: 82.6
Wednesday, June 22, 2016 8:18:54 PM Total Errors: 414, Errors this iteration: 1, Total Bits Simulated: 1274, Bit Error Rate: 0.324960753532182, Percent errors found: 82.8
Wednesday, June 22, 2016 8:18:54 PM Total Errors: 415, Errors this iteration: 1, Total Bits Simulated: 1276, Bit Error Rate: 0.325235109717868, Percent errors found: 83
Wednesday, June 22, 2016 8:18:54 PM Total Errors: 417, Errors this iteration: 2, Total Bits Simulated: 1280, Bit Error Rate: 0.32578125, Percent errors found: 83.4
Wednesday, June 22, 2016 8:18:54 PM Total Errors: 418, Errors this iteration: 1, Total Bits Simulated: 1282, Bit Error Rate: 0.326053042121685, Percent errors found: 83.6
Wednesday, June 22, 2016 8:18:54 PM Total Errors: 419, Errors this iteration: 1, Total Bits Simulated: 1286, Bit Error Rate: 0.325816485225505, Percent errors found: 83.8
Wednesday, June 22, 2016 8:18:54 PM Total Errors: 420, Errors this iteration: 1, Total Bits Simulated: 1290, Bit Error Rate: 0.325581395348837, Percent errors found: 84
Wednesday, June 22, 2016 8:18:54 PM Total Errors: 421, Errors this iteration: 1, Total Bits Simulated: 1292, Bit Error Rate: 0.325851393188854, Percent errors found: 84.2
Wednesday, June 22, 2016 8:18:54 PM Total Errors: 422, Errors this iteration: 1, Total Bits Simulated: 1296, Bit Error Rate: 0.325617283950617, Percent errors found: 84.4
Wednesday, June 22, 2016 8:18:54 PM Total Errors: 423, Errors this iteration: 1, Total Bits Simulated: 1302, Bit Error Rate: 0.324884792626728, Percent errors found: 84.6
Wednesday, June 22, 2016 8:18:54 PM Total Errors: 424, Errors this iteration: 1, Total Bits Simulated: 1304, Bit Error Rate: 0.325153374233129, Percent errors found: 84.8
Wednesday, June 22, 2016 8:18:54 PM Total Errors: 425, Errors this iteration: 1, Total Bits Simulated: 1306, Bit Error Rate: 0.32542113323124, Percent errors found: 85
Wednesday, June 22, 2016 8:18:54 PM Total Errors: 426, Errors this iteration: 1, Total Bits Simulated: 1310, Bit Error Rate: 0.325190839694657, Percent errors found: 85.2
Wednesday, June 22, 2016 8:18:54 PM Total Errors: 427, Errors this iteration: 1, Total Bits Simulated: 1318, Bit Error Rate: 0.323975720789074, Percent errors found: 85.4
Wednesday, June 22, 2016 8:18:54 PM Total Errors: 428, Errors this iteration: 1, Total Bits Simulated: 1320, Bit Error Rate: 0.324242424242424, Percent errors found: 85.6
Wednesday, June 22, 2016 8:18:54 PM Total Errors: 429, Errors this iteration: 1, Total Bits Simulated: 1322, Bit Error Rate: 0.324508320726172, Percent errors found: 85.8
Wednesday, June 22, 2016 8:18:54 PM Total Errors: 430, Errors this iteration: 1, Total Bits Simulated: 1324, Bit Error Rate: 0.324773413897281, Percent errors found: 86
Wednesday, June 22, 2016 8:18:54 PM Total Errors: 432, Errors this iteration: 2, Total Bits Simulated: 1328, Bit Error Rate: 0.325301204819277, Percent errors found: 86.4
Wednesday, June 22, 2016 8:18:54 PM Total Errors: 433, Errors this iteration: 1, Total Bits Simulated: 1332, Bit Error Rate: 0.325075075075075, Percent errors found: 86.6
Wednesday, June 22, 2016 8:18:54 PM Total Errors: 434, Errors this iteration: 1, Total Bits Simulated: 1334, Bit Error Rate: 0.325337331334333, Percent errors found: 86.8
Wednesday, June 22, 2016 8:18:54 PM Total Errors: 436, Errors this iteration: 2, Total Bits Simulated: 1336, Bit Error Rate: 0.326347305389222, Percent errors found: 87.2
Wednesday, June 22, 2016 8:18:54 PM Total Errors: 437, Errors this iteration: 1, Total Bits Simulated: 1346, Bit Error Rate: 0.324665676077266, Percent errors found: 87.4
Wednesday, June 22, 2016 8:18:54 PM Total Errors: 438, Errors this iteration: 1, Total Bits Simulated: 1348, Bit Error Rate: 0.324925816023739, Percent errors found: 87.6
Wednesday, June 22, 2016 8:18:54 PM Total Errors: 439, Errors this iteration: 1, Total Bits Simulated: 1350, Bit Error Rate: 0.325185185185185, Percent errors found: 87.8
Wednesday, June 22, 2016 8:18:54 PM Total Errors: 440, Errors this iteration: 1, Total Bits Simulated: 1354, Bit Error Rate: 0.324963072378139, Percent errors found: 88
Wednesday, June 22, 2016 8:18:54 PM Total Errors: 441, Errors this iteration: 1, Total Bits Simulated: 1356, Bit Error Rate: 0.325221238938053, Percent errors found: 88.2
Wednesday, June 22, 2016 8:18:54 PM Total Errors: 442, Errors this iteration: 1, Total Bits Simulated: 1358, Bit Error Rate: 0.325478645066274, Percent errors found: 88.4
Wednesday, June 22, 2016 8:18:54 PM Total Errors: 443, Errors this iteration: 1, Total Bits Simulated: 1364, Bit Error Rate: 0.324780058651026, Percent errors found: 88.6
Wednesday, June 22, 2016 8:18:54 PM Total Errors: 444, Errors this iteration: 1, Total Bits Simulated: 1368, Bit Error Rate: 0.324561403508772, Percent errors found: 88.8
Wednesday, June 22, 2016 8:18:54 PM Total Errors: 445, Errors this iteration: 1, Total Bits Simulated: 1372, Bit Error Rate: 0.324344023323615, Percent errors found: 89
Wednesday, June 22, 2016 8:18:54 PM Total Errors: 447, Errors this iteration: 2, Total Bits Simulated: 1374, Bit Error Rate: 0.325327510917031, Percent errors found: 89.4
Wednesday, June 22, 2016 8:18:54 PM Total Errors: 449, Errors this iteration: 2, Total Bits Simulated: 1376, Bit Error Rate: 0.326308139534884, Percent errors found: 89.8
Wednesday, June 22, 2016 8:18:54 PM Total Errors: 451, Errors this iteration: 2, Total Bits Simulated: 1378, Bit Error Rate: 0.327285921625544, Percent errors found: 90.2
Wednesday, June 22, 2016 8:18:54 PM Total Errors: 452, Errors this iteration: 1, Total Bits Simulated: 1386, Bit Error Rate: 0.326118326118326, Percent errors found: 90.4
Wednesday, June 22, 2016 8:18:54 PM Total Errors: 453, Errors this iteration: 1, Total Bits Simulated: 1388, Bit Error Rate: 0.326368876080692, Percent errors found: 90.6
Wednesday, June 22, 2016 8:18:54 PM Total Errors: 455, Errors this iteration: 2, Total Bits Simulated: 1392, Bit Error Rate: 0.326867816091954, Percent errors found: 91
Wednesday, June 22, 2016 8:18:54 PM Total Errors: 456, Errors this iteration: 1, Total Bits Simulated: 1394, Bit Error Rate: 0.327116212338594, Percent errors found: 91.2
Wednesday, June 22, 2016 8:18:54 PM Total Errors: 457, Errors this iteration: 1, Total Bits Simulated: 1398, Bit Error Rate: 0.32689556509299, Percent errors found: 91.4
Wednesday, June 22, 2016 8:18:54 PM Total Errors: 458, Errors this iteration: 1, Total Bits Simulated: 1410, Bit Error Rate: 0.324822695035461, Percent errors found: 91.6
Wednesday, June 22, 2016 8:18:54 PM Total Errors: 459, Errors this iteration: 1, Total Bits Simulated: 1412, Bit Error Rate: 0.325070821529745, Percent errors found: 91.8
Wednesday, June 22, 2016 8:18:54 PM Total Errors: 460, Errors this iteration: 1, Total Bits Simulated: 1414, Bit Error Rate: 0.325318246110325, Percent errors found: 92
Wednesday, June 22, 2016 8:18:54 PM Total Errors: 461, Errors this iteration: 1, Total Bits Simulated: 1416, Bit Error Rate: 0.325564971751412, Percent errors found: 92.2
Wednesday, June 22, 2016 8:18:54 PM Total Errors: 462, Errors this iteration: 1, Total Bits Simulated: 1420, Bit Error Rate: 0.325352112676056, Percent errors found: 92.4
Wednesday, June 22, 2016 8:18:54 PM Total Errors: 463, Errors this iteration: 1, Total Bits Simulated: 1422, Bit Error Rate: 0.325597749648383, Percent errors found: 92.6
Wednesday, June 22, 2016 8:18:54 PM Total Errors: 465, Errors this iteration: 2, Total Bits Simulated: 1424, Bit Error Rate: 0.326544943820225, Percent errors found: 93
Wednesday, June 22, 2016 8:18:54 PM Total Errors: 466, Errors this iteration: 1, Total Bits Simulated: 1426, Bit Error Rate: 0.326788218793829, Percent errors found: 93.2
Wednesday, June 22, 2016 8:18:54 PM Total Errors: 467, Errors this iteration: 1, Total Bits Simulated: 1428, Bit Error Rate: 0.32703081232493, Percent errors found: 93.4
Wednesday, June 22, 2016 8:18:54 PM Total Errors: 468, Errors this iteration: 1, Total Bits Simulated: 1432, Bit Error Rate: 0.326815642458101, Percent errors found: 93.6
Wednesday, June 22, 2016 8:18:54 PM Total Errors: 470, Errors this iteration: 2, Total Bits Simulated: 1436, Bit Error Rate: 0.327298050139276, Percent errors found: 94
Wednesday, June 22, 2016 8:18:54 PM Total Errors: 471, Errors this iteration: 1, Total Bits Simulated: 1442, Bit Error Rate: 0.326629680998613, Percent errors found: 94.2
Wednesday, June 22, 2016 8:18:54 PM Total Errors: 472, Errors this iteration: 1, Total Bits Simulated: 1446, Bit Error Rate: 0.326417704011065, Percent errors found: 94.4
Wednesday, June 22, 2016 8:18:55 PM Total Errors: 473, Errors this iteration: 1, Total Bits Simulated: 1454, Bit Error Rate: 0.325309491059147, Percent errors found: 94.6
Wednesday, June 22, 2016 8:18:55 PM Total Errors: 474, Errors this iteration: 1, Total Bits Simulated: 1456, Bit Error Rate: 0.325549450549451, Percent errors found: 94.8
Wednesday, June 22, 2016 8:18:55 PM Total Errors: 476, Errors this iteration: 2, Total Bits Simulated: 1460, Bit Error Rate: 0.326027397260274, Percent errors found: 95.2
Wednesday, June 22, 2016 8:18:55 PM Total Errors: 477, Errors this iteration: 1, Total Bits Simulated: 1464, Bit Error Rate: 0.325819672131148, Percent errors found: 95.4
Wednesday, June 22, 2016 8:18:55 PM Total Errors: 478, Errors this iteration: 1, Total Bits Simulated: 1466, Bit Error Rate: 0.326057298772169, Percent errors found: 95.6
Wednesday, June 22, 2016 8:18:55 PM Total Errors: 479, Errors this iteration: 1, Total Bits Simulated: 1468, Bit Error Rate: 0.326294277929155, Percent errors found: 95.8
Wednesday, June 22, 2016 8:18:55 PM Total Errors: 480, Errors this iteration: 1, Total Bits Simulated: 1474, Bit Error Rate: 0.325644504748982, Percent errors found: 96
Wednesday, June 22, 2016 8:18:55 PM Total Errors: 481, Errors this iteration: 1, Total Bits Simulated: 1476, Bit Error Rate: 0.325880758807588, Percent errors found: 96.2
Wednesday, June 22, 2016 8:18:55 PM Total Errors: 483, Errors this iteration: 2, Total Bits Simulated: 1480, Bit Error Rate: 0.326351351351351, Percent errors found: 96.6
Wednesday, June 22, 2016 8:18:55 PM Total Errors: 484, Errors this iteration: 1, Total Bits Simulated: 1482, Bit Error Rate: 0.326585695006748, Percent errors found: 96.8
Wednesday, June 22, 2016 8:18:55 PM Total Errors: 486, Errors this iteration: 2, Total Bits Simulated: 1484, Bit Error Rate: 0.327493261455526, Percent errors found: 97.2
Wednesday, June 22, 2016 8:18:55 PM Total Errors: 487, Errors this iteration: 1, Total Bits Simulated: 1486, Bit Error Rate: 0.327725437415882, Percent errors found: 97.4
Wednesday, June 22, 2016 8:18:55 PM Total Errors: 489, Errors this iteration: 2, Total Bits Simulated: 1488, Bit Error Rate: 0.328629032258065, Percent errors found: 97.8
Wednesday, June 22, 2016 8:18:55 PM Total Errors: 490, Errors this iteration: 1, Total Bits Simulated: 1492, Bit Error Rate: 0.328418230563003, Percent errors found: 98
Wednesday, June 22, 2016 8:18:55 PM Total Errors: 491, Errors this iteration: 1, Total Bits Simulated: 1496, Bit Error Rate: 0.328208556149733, Percent errors found: 98.2
Wednesday, June 22, 2016 8:18:55 PM Total Errors: 493, Errors this iteration: 2, Total Bits Simulated: 1504, Bit Error Rate: 0.327792553191489, Percent errors found: 98.6
Wednesday, June 22, 2016 8:18:55 PM Total Errors: 495, Errors this iteration: 2, Total Bits Simulated: 1508, Bit Error Rate: 0.328249336870027, Percent errors found: 99
Wednesday, June 22, 2016 8:18:55 PM Total Errors: 496, Errors this iteration: 1, Total Bits Simulated: 1510, Bit Error Rate: 0.328476821192053, Percent errors found: 99.2
Wednesday, June 22, 2016 8:18:55 PM Total Errors: 497, Errors this iteration: 1, Total Bits Simulated: 1514, Bit Error Rate: 0.328269484808454, Percent errors found: 99.4
Wednesday, June 22, 2016 8:18:55 PM Total Errors: 499, Errors this iteration: 2, Total Bits Simulated: 1516, Bit Error Rate: 0.329155672823219, Percent errors found: 99.8
Wednesday, June 22, 2016 8:18:55 PM Total Errors: 500, Errors this iteration: 1, Total Bits Simulated: 1520, Bit Error Rate: 0.328947368421053, Percent errors found: 100
Completed simulation at Wednesday, June 22, 2016 8:18:55 PM.
The simulation took: 00:00:06.3804719