Start of simulation. Time: Tuesday, June 28, 2016 10:32:29 AM
Tuesday, June 28, 2016 10:32:29 AM Total Errors:     1, Errors this iteration:     1, Total Bits Simulated:         2, Bit Error Rate:  0.50, Percent errors found:  0.20
Tuesday, June 28, 2016 10:32:29 AM Total Errors:     2, Errors this iteration:     1, Total Bits Simulated:         6, Bit Error Rate:  0.33, Percent errors found:  0.40
Tuesday, June 28, 2016 10:32:29 AM Total Errors:     3, Errors this iteration:     1, Total Bits Simulated:        12, Bit Error Rate:  0.25, Percent errors found:  0.60
Tuesday, June 28, 2016 10:32:29 AM Total Errors:     4, Errors this iteration:     1, Total Bits Simulated:        14, Bit Error Rate:  0.29, Percent errors found:  0.80
Tuesday, June 28, 2016 10:32:29 AM Total Errors:     5, Errors this iteration:     1, Total Bits Simulated:        20, Bit Error Rate:  0.25, Percent errors found:  1.00
Tuesday, June 28, 2016 10:32:29 AM Total Errors:     6, Errors this iteration:     1, Total Bits Simulated:        28, Bit Error Rate:  0.21, Percent errors found:  1.20
Tuesday, June 28, 2016 10:32:29 AM Total Errors:     7, Errors this iteration:     1, Total Bits Simulated:        30, Bit Error Rate:  0.23, Percent errors found:  1.40
Tuesday, June 28, 2016 10:32:29 AM Total Errors:     9, Errors this iteration:     2, Total Bits Simulated:        34, Bit Error Rate:  0.26, Percent errors found:  1.80
Tuesday, June 28, 2016 10:32:29 AM Total Errors:    10, Errors this iteration:     1, Total Bits Simulated:        36, Bit Error Rate:  0.28, Percent errors found:  2.00
Tuesday, June 28, 2016 10:32:29 AM Total Errors:    11, Errors this iteration:     1, Total Bits Simulated:        40, Bit Error Rate:  0.28, Percent errors found:  2.20
Tuesday, June 28, 2016 10:32:29 AM Total Errors:    12, Errors this iteration:     1, Total Bits Simulated:        48, Bit Error Rate:  0.25, Percent errors found:  2.40
Tuesday, June 28, 2016 10:32:30 AM Total Errors:    13, Errors this iteration:     1, Total Bits Simulated:        54, Bit Error Rate:  0.24, Percent errors found:  2.60
Tuesday, June 28, 2016 10:32:30 AM Total Errors:    14, Errors this iteration:     1, Total Bits Simulated:        64, Bit Error Rate:  0.22, Percent errors found:  2.80
Tuesday, June 28, 2016 10:32:30 AM Total Errors:    15, Errors this iteration:     1, Total Bits Simulated:        66, Bit Error Rate:  0.23, Percent errors found:  3.00
Tuesday, June 28, 2016 10:32:30 AM Total Errors:    16, Errors this iteration:     1, Total Bits Simulated:        68, Bit Error Rate:  0.24, Percent errors found:  3.20
Tuesday, June 28, 2016 10:32:30 AM Total Errors:    17, Errors this iteration:     1, Total Bits Simulated:        70, Bit Error Rate:  0.24, Percent errors found:  3.40
Tuesday, June 28, 2016 10:32:30 AM Total Errors:    18, Errors this iteration:     1, Total Bits Simulated:        72, Bit Error Rate:  0.25, Percent errors found:  3.60
Tuesday, June 28, 2016 10:32:30 AM Total Errors:    19, Errors this iteration:     1, Total Bits Simulated:        80, Bit Error Rate:  0.24, Percent errors found:  3.80
Tuesday, June 28, 2016 10:32:30 AM Total Errors:    20, Errors this iteration:     1, Total Bits Simulated:        82, Bit Error Rate:  0.24, Percent errors found:  4.00
Tuesday, June 28, 2016 10:32:30 AM Total Errors:    22, Errors this iteration:     2, Total Bits Simulated:        84, Bit Error Rate:  0.26, Percent errors found:  4.40
Tuesday, June 28, 2016 10:32:30 AM Total Errors:    24, Errors this iteration:     2, Total Bits Simulated:        86, Bit Error Rate:  0.28, Percent errors found:  4.80
Tuesday, June 28, 2016 10:32:30 AM Total Errors:    26, Errors this iteration:     2, Total Bits Simulated:        92, Bit Error Rate:  0.28, Percent errors found:  5.20
Tuesday, June 28, 2016 10:32:30 AM Total Errors:    27, Errors this iteration:     1, Total Bits Simulated:        94, Bit Error Rate:  0.29, Percent errors found:  5.40
Tuesday, June 28, 2016 10:32:30 AM Total Errors:    29, Errors this iteration:     2, Total Bits Simulated:        96, Bit Error Rate:  0.30, Percent errors found:  5.80
Tuesday, June 28, 2016 10:32:30 AM Total Errors:    30, Errors this iteration:     1, Total Bits Simulated:       106, Bit Error Rate:  0.28, Percent errors found:  6.00
Tuesday, June 28, 2016 10:32:30 AM Total Errors:    31, Errors this iteration:     1, Total Bits Simulated:       108, Bit Error Rate:  0.29, Percent errors found:  6.20
Tuesday, June 28, 2016 10:32:30 AM Total Errors:    32, Errors this iteration:     1, Total Bits Simulated:       112, Bit Error Rate:  0.29, Percent errors found:  6.40
Tuesday, June 28, 2016 10:32:30 AM Total Errors:    33, Errors this iteration:     1, Total Bits Simulated:       114, Bit Error Rate:  0.29, Percent errors found:  6.60
Tuesday, June 28, 2016 10:32:30 AM Total Errors:    35, Errors this iteration:     2, Total Bits Simulated:       116, Bit Error Rate:  0.30, Percent errors found:  7.00
Tuesday, June 28, 2016 10:32:30 AM Total Errors:    36, Errors this iteration:     1, Total Bits Simulated:       122, Bit Error Rate:  0.30, Percent errors found:  7.20
Tuesday, June 28, 2016 10:32:30 AM Total Errors:    37, Errors this iteration:     1, Total Bits Simulated:       124, Bit Error Rate:  0.30, Percent errors found:  7.40
Tuesday, June 28, 2016 10:32:30 AM Total Errors:    38, Errors this iteration:     1, Total Bits Simulated:       130, Bit Error Rate:  0.29, Percent errors found:  7.60
Tuesday, June 28, 2016 10:32:30 AM Total Errors:    39, Errors this iteration:     1, Total Bits Simulated:       134, Bit Error Rate:  0.29, Percent errors found:  7.80
Tuesday, June 28, 2016 10:32:30 AM Total Errors:    40, Errors this iteration:     1, Total Bits Simulated:       142, Bit Error Rate:  0.28, Percent errors found:  8.00
Tuesday, June 28, 2016 10:32:30 AM Total Errors:    42, Errors this iteration:     2, Total Bits Simulated:       144, Bit Error Rate:  0.29, Percent errors found:  8.40
Tuesday, June 28, 2016 10:32:30 AM Total Errors:    43, Errors this iteration:     1, Total Bits Simulated:       148, Bit Error Rate:  0.29, Percent errors found:  8.60
Tuesday, June 28, 2016 10:32:30 AM Total Errors:    44, Errors this iteration:     1, Total Bits Simulated:       150, Bit Error Rate:  0.29, Percent errors found:  8.80
Tuesday, June 28, 2016 10:32:30 AM Total Errors:    45, Errors this iteration:     1, Total Bits Simulated:       152, Bit Error Rate:  0.30, Percent errors found:  9.00
Tuesday, June 28, 2016 10:32:30 AM Total Errors:    46, Errors this iteration:     1, Total Bits Simulated:       158, Bit Error Rate:  0.29, Percent errors found:  9.20
Tuesday, June 28, 2016 10:32:30 AM Total Errors:    47, Errors this iteration:     1, Total Bits Simulated:       160, Bit Error Rate:  0.29, Percent errors found:  9.40
Tuesday, June 28, 2016 10:32:30 AM Total Errors:    48, Errors this iteration:     1, Total Bits Simulated:       162, Bit Error Rate:  0.30, Percent errors found:  9.60
Tuesday, June 28, 2016 10:32:30 AM Total Errors:    49, Errors this iteration:     1, Total Bits Simulated:       166, Bit Error Rate:  0.30, Percent errors found:  9.80
Tuesday, June 28, 2016 10:32:30 AM Total Errors:    50, Errors this iteration:     1, Total Bits Simulated:       170, Bit Error Rate:  0.29, Percent errors found:  10.00
Tuesday, June 28, 2016 10:32:30 AM Total Errors:    52, Errors this iteration:     2, Total Bits Simulated:       172, Bit Error Rate:  0.30, Percent errors found:  10.40
Tuesday, June 28, 2016 10:32:30 AM Total Errors:    53, Errors this iteration:     1, Total Bits Simulated:       176, Bit Error Rate:  0.30, Percent errors found:  10.60
Tuesday, June 28, 2016 10:32:30 AM Total Errors:    54, Errors this iteration:     1, Total Bits Simulated:       186, Bit Error Rate:  0.29, Percent errors found:  10.80
Tuesday, June 28, 2016 10:32:30 AM Total Errors:    56, Errors this iteration:     2, Total Bits Simulated:       188, Bit Error Rate:  0.30, Percent errors found:  11.20
Tuesday, June 28, 2016 10:32:30 AM Total Errors:    58, Errors this iteration:     2, Total Bits Simulated:       190, Bit Error Rate:  0.31, Percent errors found:  11.60
Tuesday, June 28, 2016 10:32:30 AM Total Errors:    59, Errors this iteration:     1, Total Bits Simulated:       192, Bit Error Rate:  0.31, Percent errors found:  11.80
Tuesday, June 28, 2016 10:32:30 AM Total Errors:    60, Errors this iteration:     1, Total Bits Simulated:       194, Bit Error Rate:  0.31, Percent errors found:  12.00
Tuesday, June 28, 2016 10:32:30 AM Total Errors:    61, Errors this iteration:     1, Total Bits Simulated:       196, Bit Error Rate:  0.31, Percent errors found:  12.20
Tuesday, June 28, 2016 10:32:30 AM Total Errors:    63, Errors this iteration:     2, Total Bits Simulated:       198, Bit Error Rate:  0.32, Percent errors found:  12.60
Tuesday, June 28, 2016 10:32:30 AM Total Errors:    64, Errors this iteration:     1, Total Bits Simulated:       204, Bit Error Rate:  0.31, Percent errors found:  12.80
Tuesday, June 28, 2016 10:32:30 AM Total Errors:    65, Errors this iteration:     1, Total Bits Simulated:       208, Bit Error Rate:  0.31, Percent errors found:  13.00
Tuesday, June 28, 2016 10:32:30 AM Total Errors:    67, Errors this iteration:     2, Total Bits Simulated:       210, Bit Error Rate:  0.32, Percent errors found:  13.40
Tuesday, June 28, 2016 10:32:30 AM Total Errors:    68, Errors this iteration:     1, Total Bits Simulated:       212, Bit Error Rate:  0.32, Percent errors found:  13.60
Tuesday, June 28, 2016 10:32:30 AM Total Errors:    70, Errors this iteration:     2, Total Bits Simulated:       216, Bit Error Rate:  0.32, Percent errors found:  14.00
Tuesday, June 28, 2016 10:32:30 AM Total Errors:    71, Errors this iteration:     1, Total Bits Simulated:       218, Bit Error Rate:  0.33, Percent errors found:  14.20
Tuesday, June 28, 2016 10:32:30 AM Total Errors:    73, Errors this iteration:     2, Total Bits Simulated:       220, Bit Error Rate:  0.33, Percent errors found:  14.60
Tuesday, June 28, 2016 10:32:30 AM Total Errors:    74, Errors this iteration:     1, Total Bits Simulated:       222, Bit Error Rate:  0.33, Percent errors found:  14.80
Tuesday, June 28, 2016 10:32:30 AM Total Errors:    75, Errors this iteration:     1, Total Bits Simulated:       224, Bit Error Rate:  0.33, Percent errors found:  15.00
Tuesday, June 28, 2016 10:32:30 AM Total Errors:    76, Errors this iteration:     1, Total Bits Simulated:       226, Bit Error Rate:  0.34, Percent errors found:  15.20
Tuesday, June 28, 2016 10:32:30 AM Total Errors:    77, Errors this iteration:     1, Total Bits Simulated:       228, Bit Error Rate:  0.34, Percent errors found:  15.40
Tuesday, June 28, 2016 10:32:30 AM Total Errors:    78, Errors this iteration:     1, Total Bits Simulated:       230, Bit Error Rate:  0.34, Percent errors found:  15.60
Tuesday, June 28, 2016 10:32:30 AM Total Errors:    79, Errors this iteration:     1, Total Bits Simulated:       234, Bit Error Rate:  0.34, Percent errors found:  15.80
Tuesday, June 28, 2016 10:32:30 AM Total Errors:    80, Errors this iteration:     1, Total Bits Simulated:       238, Bit Error Rate:  0.34, Percent errors found:  16.00
Tuesday, June 28, 2016 10:32:30 AM Total Errors:    81, Errors this iteration:     1, Total Bits Simulated:       244, Bit Error Rate:  0.33, Percent errors found:  16.20
Tuesday, June 28, 2016 10:32:30 AM Total Errors:    82, Errors this iteration:     1, Total Bits Simulated:       250, Bit Error Rate:  0.33, Percent errors found:  16.40
Tuesday, June 28, 2016 10:32:30 AM Total Errors:    84, Errors this iteration:     2, Total Bits Simulated:       252, Bit Error Rate:  0.33, Percent errors found:  16.80
Tuesday, June 28, 2016 10:32:30 AM Total Errors:    85, Errors this iteration:     1, Total Bits Simulated:       254, Bit Error Rate:  0.33, Percent errors found:  17.00
Tuesday, June 28, 2016 10:32:30 AM Total Errors:    86, Errors this iteration:     1, Total Bits Simulated:       256, Bit Error Rate:  0.34, Percent errors found:  17.20
Tuesday, June 28, 2016 10:32:30 AM Total Errors:    87, Errors this iteration:     1, Total Bits Simulated:       258, Bit Error Rate:  0.34, Percent errors found:  17.40
Tuesday, June 28, 2016 10:32:30 AM Total Errors:    88, Errors this iteration:     1, Total Bits Simulated:       266, Bit Error Rate:  0.33, Percent errors found:  17.60
Tuesday, June 28, 2016 10:32:30 AM Total Errors:    89, Errors this iteration:     1, Total Bits Simulated:       268, Bit Error Rate:  0.33, Percent errors found:  17.80
Tuesday, June 28, 2016 10:32:30 AM Total Errors:    90, Errors this iteration:     1, Total Bits Simulated:       270, Bit Error Rate:  0.33, Percent errors found:  18.00
Tuesday, June 28, 2016 10:32:30 AM Total Errors:    91, Errors this iteration:     1, Total Bits Simulated:       274, Bit Error Rate:  0.33, Percent errors found:  18.20
Tuesday, June 28, 2016 10:32:30 AM Total Errors:    92, Errors this iteration:     1, Total Bits Simulated:       278, Bit Error Rate:  0.33, Percent errors found:  18.40
Tuesday, June 28, 2016 10:32:30 AM Total Errors:    93, Errors this iteration:     1, Total Bits Simulated:       280, Bit Error Rate:  0.33, Percent errors found:  18.60
Tuesday, June 28, 2016 10:32:30 AM Total Errors:    94, Errors this iteration:     1, Total Bits Simulated:       282, Bit Error Rate:  0.33, Percent errors found:  18.80
Tuesday, June 28, 2016 10:32:30 AM Total Errors:    95, Errors this iteration:     1, Total Bits Simulated:       284, Bit Error Rate:  0.33, Percent errors found:  19.00
Tuesday, June 28, 2016 10:32:30 AM Total Errors:    96, Errors this iteration:     1, Total Bits Simulated:       288, Bit Error Rate:  0.33, Percent errors found:  19.20
Tuesday, June 28, 2016 10:32:30 AM Total Errors:    97, Errors this iteration:     1, Total Bits Simulated:       290, Bit Error Rate:  0.33, Percent errors found:  19.40
Tuesday, June 28, 2016 10:32:30 AM Total Errors:    98, Errors this iteration:     1, Total Bits Simulated:       292, Bit Error Rate:  0.34, Percent errors found:  19.60
Tuesday, June 28, 2016 10:32:30 AM Total Errors:    99, Errors this iteration:     1, Total Bits Simulated:       300, Bit Error Rate:  0.33, Percent errors found:  19.80
Tuesday, June 28, 2016 10:32:30 AM Total Errors:   101, Errors this iteration:     2, Total Bits Simulated:       302, Bit Error Rate:  0.33, Percent errors found:  20.20
Tuesday, June 28, 2016 10:32:30 AM Total Errors:   102, Errors this iteration:     1, Total Bits Simulated:       304, Bit Error Rate:  0.34, Percent errors found:  20.40
Tuesday, June 28, 2016 10:32:30 AM Total Errors:   103, Errors this iteration:     1, Total Bits Simulated:       306, Bit Error Rate:  0.34, Percent errors found:  20.60
Tuesday, June 28, 2016 10:32:30 AM Total Errors:   104, Errors this iteration:     1, Total Bits Simulated:       312, Bit Error Rate:  0.33, Percent errors found:  20.80
Tuesday, June 28, 2016 10:32:30 AM Total Errors:   105, Errors this iteration:     1, Total Bits Simulated:       314, Bit Error Rate:  0.33, Percent errors found:  21.00
Tuesday, June 28, 2016 10:32:30 AM Total Errors:   106, Errors this iteration:     1, Total Bits Simulated:       316, Bit Error Rate:  0.34, Percent errors found:  21.20
Tuesday, June 28, 2016 10:32:30 AM Total Errors:   107, Errors this iteration:     1, Total Bits Simulated:       318, Bit Error Rate:  0.34, Percent errors found:  21.40
Tuesday, June 28, 2016 10:32:30 AM Total Errors:   108, Errors this iteration:     1, Total Bits Simulated:       320, Bit Error Rate:  0.34, Percent errors found:  21.60
Tuesday, June 28, 2016 10:32:30 AM Total Errors:   109, Errors this iteration:     1, Total Bits Simulated:       322, Bit Error Rate:  0.34, Percent errors found:  21.80
Tuesday, June 28, 2016 10:32:30 AM Total Errors:   110, Errors this iteration:     1, Total Bits Simulated:       324, Bit Error Rate:  0.34, Percent errors found:  22.00
Tuesday, June 28, 2016 10:32:30 AM Total Errors:   111, Errors this iteration:     1, Total Bits Simulated:       330, Bit Error Rate:  0.34, Percent errors found:  22.20
Tuesday, June 28, 2016 10:32:30 AM Total Errors:   112, Errors this iteration:     1, Total Bits Simulated:       332, Bit Error Rate:  0.34, Percent errors found:  22.40
Tuesday, June 28, 2016 10:32:30 AM Total Errors:   113, Errors this iteration:     1, Total Bits Simulated:       334, Bit Error Rate:  0.34, Percent errors found:  22.60
Tuesday, June 28, 2016 10:32:30 AM Total Errors:   115, Errors this iteration:     2, Total Bits Simulated:       336, Bit Error Rate:  0.34, Percent errors found:  23.00
Tuesday, June 28, 2016 10:32:30 AM Total Errors:   117, Errors this iteration:     2, Total Bits Simulated:       342, Bit Error Rate:  0.34, Percent errors found:  23.40
Tuesday, June 28, 2016 10:32:30 AM Total Errors:   119, Errors this iteration:     2, Total Bits Simulated:       344, Bit Error Rate:  0.35, Percent errors found:  23.80
Tuesday, June 28, 2016 10:32:31 AM Total Errors:   120, Errors this iteration:     1, Total Bits Simulated:       348, Bit Error Rate:  0.34, Percent errors found:  24.00
Tuesday, June 28, 2016 10:32:31 AM Total Errors:   121, Errors this iteration:     1, Total Bits Simulated:       354, Bit Error Rate:  0.34, Percent errors found:  24.20
Tuesday, June 28, 2016 10:32:31 AM Total Errors:   123, Errors this iteration:     2, Total Bits Simulated:       356, Bit Error Rate:  0.35, Percent errors found:  24.60
Tuesday, June 28, 2016 10:32:31 AM Total Errors:   124, Errors this iteration:     1, Total Bits Simulated:       358, Bit Error Rate:  0.35, Percent errors found:  24.80
Tuesday, June 28, 2016 10:32:31 AM Total Errors:   125, Errors this iteration:     1, Total Bits Simulated:       360, Bit Error Rate:  0.35, Percent errors found:  25.00
Tuesday, June 28, 2016 10:32:31 AM Total Errors:   126, Errors this iteration:     1, Total Bits Simulated:       362, Bit Error Rate:  0.35, Percent errors found:  25.20
Tuesday, June 28, 2016 10:32:31 AM Total Errors:   127, Errors this iteration:     1, Total Bits Simulated:       364, Bit Error Rate:  0.35, Percent errors found:  25.40
Tuesday, June 28, 2016 10:32:31 AM Total Errors:   129, Errors this iteration:     2, Total Bits Simulated:       366, Bit Error Rate:  0.35, Percent errors found:  25.80
Tuesday, June 28, 2016 10:32:31 AM Total Errors:   130, Errors this iteration:     1, Total Bits Simulated:       370, Bit Error Rate:  0.35, Percent errors found:  26.00
Tuesday, June 28, 2016 10:32:31 AM Total Errors:   131, Errors this iteration:     1, Total Bits Simulated:       372, Bit Error Rate:  0.35, Percent errors found:  26.20
Tuesday, June 28, 2016 10:32:31 AM Total Errors:   133, Errors this iteration:     2, Total Bits Simulated:       376, Bit Error Rate:  0.35, Percent errors found:  26.60
Tuesday, June 28, 2016 10:32:31 AM Total Errors:   134, Errors this iteration:     1, Total Bits Simulated:       378, Bit Error Rate:  0.35, Percent errors found:  26.80
Tuesday, June 28, 2016 10:32:31 AM Total Errors:   136, Errors this iteration:     2, Total Bits Simulated:       380, Bit Error Rate:  0.36, Percent errors found:  27.20
Tuesday, June 28, 2016 10:32:31 AM Total Errors:   138, Errors this iteration:     2, Total Bits Simulated:       386, Bit Error Rate:  0.36, Percent errors found:  27.60
Tuesday, June 28, 2016 10:32:31 AM Total Errors:   139, Errors this iteration:     1, Total Bits Simulated:       392, Bit Error Rate:  0.35, Percent errors found:  27.80
Tuesday, June 28, 2016 10:32:31 AM Total Errors:   141, Errors this iteration:     2, Total Bits Simulated:       396, Bit Error Rate:  0.36, Percent errors found:  28.20
Tuesday, June 28, 2016 10:32:31 AM Total Errors:   142, Errors this iteration:     1, Total Bits Simulated:       400, Bit Error Rate:  0.36, Percent errors found:  28.40
Tuesday, June 28, 2016 10:32:31 AM Total Errors:   143, Errors this iteration:     1, Total Bits Simulated:       408, Bit Error Rate:  0.35, Percent errors found:  28.60
Tuesday, June 28, 2016 10:32:31 AM Total Errors:   144, Errors this iteration:     1, Total Bits Simulated:       418, Bit Error Rate:  0.34, Percent errors found:  28.80
Tuesday, June 28, 2016 10:32:31 AM Total Errors:   145, Errors this iteration:     1, Total Bits Simulated:       422, Bit Error Rate:  0.34, Percent errors found:  29.00
Tuesday, June 28, 2016 10:32:31 AM Total Errors:   147, Errors this iteration:     2, Total Bits Simulated:       424, Bit Error Rate:  0.35, Percent errors found:  29.40
Tuesday, June 28, 2016 10:32:31 AM Total Errors:   149, Errors this iteration:     2, Total Bits Simulated:       430, Bit Error Rate:  0.35, Percent errors found:  29.80
Tuesday, June 28, 2016 10:32:31 AM Total Errors:   150, Errors this iteration:     1, Total Bits Simulated:       434, Bit Error Rate:  0.35, Percent errors found:  30.00
Tuesday, June 28, 2016 10:32:31 AM Total Errors:   151, Errors this iteration:     1, Total Bits Simulated:       436, Bit Error Rate:  0.35, Percent errors found:  30.20
Tuesday, June 28, 2016 10:32:31 AM Total Errors:   152, Errors this iteration:     1, Total Bits Simulated:       440, Bit Error Rate:  0.35, Percent errors found:  30.40
Tuesday, June 28, 2016 10:32:31 AM Total Errors:   153, Errors this iteration:     1, Total Bits Simulated:       442, Bit Error Rate:  0.35, Percent errors found:  30.60
Tuesday, June 28, 2016 10:32:31 AM Total Errors:   154, Errors this iteration:     1, Total Bits Simulated:       444, Bit Error Rate:  0.35, Percent errors found:  30.80
Tuesday, June 28, 2016 10:32:31 AM Total Errors:   156, Errors this iteration:     2, Total Bits Simulated:       446, Bit Error Rate:  0.35, Percent errors found:  31.20
Tuesday, June 28, 2016 10:32:31 AM Total Errors:   157, Errors this iteration:     1, Total Bits Simulated:       448, Bit Error Rate:  0.35, Percent errors found:  31.40
Tuesday, June 28, 2016 10:32:31 AM Total Errors:   158, Errors this iteration:     1, Total Bits Simulated:       450, Bit Error Rate:  0.35, Percent errors found:  31.60
Tuesday, June 28, 2016 10:32:31 AM Total Errors:   159, Errors this iteration:     1, Total Bits Simulated:       452, Bit Error Rate:  0.35, Percent errors found:  31.80
Tuesday, June 28, 2016 10:32:31 AM Total Errors:   160, Errors this iteration:     1, Total Bits Simulated:       464, Bit Error Rate:  0.34, Percent errors found:  32.00
Tuesday, June 28, 2016 10:32:31 AM Total Errors:   162, Errors this iteration:     2, Total Bits Simulated:       472, Bit Error Rate:  0.34, Percent errors found:  32.40
Tuesday, June 28, 2016 10:32:31 AM Total Errors:   164, Errors this iteration:     2, Total Bits Simulated:       474, Bit Error Rate:  0.35, Percent errors found:  32.80
Tuesday, June 28, 2016 10:32:31 AM Total Errors:   165, Errors this iteration:     1, Total Bits Simulated:       480, Bit Error Rate:  0.34, Percent errors found:  33.00
Tuesday, June 28, 2016 10:32:31 AM Total Errors:   166, Errors this iteration:     1, Total Bits Simulated:       492, Bit Error Rate:  0.34, Percent errors found:  33.20
Tuesday, June 28, 2016 10:32:31 AM Total Errors:   167, Errors this iteration:     1, Total Bits Simulated:       496, Bit Error Rate:  0.34, Percent errors found:  33.40
Tuesday, June 28, 2016 10:32:31 AM Total Errors:   168, Errors this iteration:     1, Total Bits Simulated:       498, Bit Error Rate:  0.34, Percent errors found:  33.60
Tuesday, June 28, 2016 10:32:31 AM Total Errors:   169, Errors this iteration:     1, Total Bits Simulated:       500, Bit Error Rate:  0.34, Percent errors found:  33.80
Tuesday, June 28, 2016 10:32:31 AM Total Errors:   170, Errors this iteration:     1, Total Bits Simulated:       502, Bit Error Rate:  0.34, Percent errors found:  34.00
Tuesday, June 28, 2016 10:32:31 AM Total Errors:   172, Errors this iteration:     2, Total Bits Simulated:       504, Bit Error Rate:  0.34, Percent errors found:  34.40
Tuesday, June 28, 2016 10:32:31 AM Total Errors:   173, Errors this iteration:     1, Total Bits Simulated:       506, Bit Error Rate:  0.34, Percent errors found:  34.60
Tuesday, June 28, 2016 10:32:31 AM Total Errors:   174, Errors this iteration:     1, Total Bits Simulated:       508, Bit Error Rate:  0.34, Percent errors found:  34.80
Tuesday, June 28, 2016 10:32:31 AM Total Errors:   176, Errors this iteration:     2, Total Bits Simulated:       512, Bit Error Rate:  0.34, Percent errors found:  35.20
Tuesday, June 28, 2016 10:32:31 AM Total Errors:   177, Errors this iteration:     1, Total Bits Simulated:       518, Bit Error Rate:  0.34, Percent errors found:  35.40
Tuesday, June 28, 2016 10:32:31 AM Total Errors:   178, Errors this iteration:     1, Total Bits Simulated:       520, Bit Error Rate:  0.34, Percent errors found:  35.60
Tuesday, June 28, 2016 10:32:31 AM Total Errors:   179, Errors this iteration:     1, Total Bits Simulated:       522, Bit Error Rate:  0.34, Percent errors found:  35.80
Tuesday, June 28, 2016 10:32:31 AM Total Errors:   180, Errors this iteration:     1, Total Bits Simulated:       526, Bit Error Rate:  0.34, Percent errors found:  36.00
Tuesday, June 28, 2016 10:32:31 AM Total Errors:   181, Errors this iteration:     1, Total Bits Simulated:       528, Bit Error Rate:  0.34, Percent errors found:  36.20
Tuesday, June 28, 2016 10:32:31 AM Total Errors:   183, Errors this iteration:     2, Total Bits Simulated:       530, Bit Error Rate:  0.35, Percent errors found:  36.60
Tuesday, June 28, 2016 10:32:31 AM Total Errors:   184, Errors this iteration:     1, Total Bits Simulated:       532, Bit Error Rate:  0.35, Percent errors found:  36.80
Tuesday, June 28, 2016 10:32:31 AM Total Errors:   186, Errors this iteration:     2, Total Bits Simulated:       534, Bit Error Rate:  0.35, Percent errors found:  37.20
Tuesday, June 28, 2016 10:32:31 AM Total Errors:   188, Errors this iteration:     2, Total Bits Simulated:       542, Bit Error Rate:  0.35, Percent errors found:  37.60
Tuesday, June 28, 2016 10:32:31 AM Total Errors:   189, Errors this iteration:     1, Total Bits Simulated:       548, Bit Error Rate:  0.34, Percent errors found:  37.80
Tuesday, June 28, 2016 10:32:31 AM Total Errors:   191, Errors this iteration:     2, Total Bits Simulated:       550, Bit Error Rate:  0.35, Percent errors found:  38.20
Tuesday, June 28, 2016 10:32:31 AM Total Errors:   192, Errors this iteration:     1, Total Bits Simulated:       554, Bit Error Rate:  0.35, Percent errors found:  38.40
Tuesday, June 28, 2016 10:32:31 AM Total Errors:   193, Errors this iteration:     1, Total Bits Simulated:       556, Bit Error Rate:  0.35, Percent errors found:  38.60
Tuesday, June 28, 2016 10:32:31 AM Total Errors:   194, Errors this iteration:     1, Total Bits Simulated:       558, Bit Error Rate:  0.35, Percent errors found:  38.80
Tuesday, June 28, 2016 10:32:31 AM Total Errors:   195, Errors this iteration:     1, Total Bits Simulated:       566, Bit Error Rate:  0.34, Percent errors found:  39.00
Tuesday, June 28, 2016 10:32:31 AM Total Errors:   196, Errors this iteration:     1, Total Bits Simulated:       574, Bit Error Rate:  0.34, Percent errors found:  39.20
Tuesday, June 28, 2016 10:32:31 AM Total Errors:   197, Errors this iteration:     1, Total Bits Simulated:       580, Bit Error Rate:  0.34, Percent errors found:  39.40
Tuesday, June 28, 2016 10:32:31 AM Total Errors:   198, Errors this iteration:     1, Total Bits Simulated:       588, Bit Error Rate:  0.34, Percent errors found:  39.60
Tuesday, June 28, 2016 10:32:31 AM Total Errors:   199, Errors this iteration:     1, Total Bits Simulated:       590, Bit Error Rate:  0.34, Percent errors found:  39.80
Tuesday, June 28, 2016 10:32:31 AM Total Errors:   200, Errors this iteration:     1, Total Bits Simulated:       592, Bit Error Rate:  0.34, Percent errors found:  40.00
Tuesday, June 28, 2016 10:32:31 AM Total Errors:   201, Errors this iteration:     1, Total Bits Simulated:       602, Bit Error Rate:  0.33, Percent errors found:  40.20
Tuesday, June 28, 2016 10:32:31 AM Total Errors:   203, Errors this iteration:     2, Total Bits Simulated:       604, Bit Error Rate:  0.34, Percent errors found:  40.60
Tuesday, June 28, 2016 10:32:31 AM Total Errors:   205, Errors this iteration:     2, Total Bits Simulated:       606, Bit Error Rate:  0.34, Percent errors found:  41.00
Tuesday, June 28, 2016 10:32:31 AM Total Errors:   207, Errors this iteration:     2, Total Bits Simulated:       616, Bit Error Rate:  0.34, Percent errors found:  41.40
Tuesday, June 28, 2016 10:32:31 AM Total Errors:   208, Errors this iteration:     1, Total Bits Simulated:       618, Bit Error Rate:  0.34, Percent errors found:  41.60
Tuesday, June 28, 2016 10:32:31 AM Total Errors:   209, Errors this iteration:     1, Total Bits Simulated:       622, Bit Error Rate:  0.34, Percent errors found:  41.80
Tuesday, June 28, 2016 10:32:31 AM Total Errors:   210, Errors this iteration:     1, Total Bits Simulated:       638, Bit Error Rate:  0.33, Percent errors found:  42.00
Tuesday, June 28, 2016 10:32:31 AM Total Errors:   211, Errors this iteration:     1, Total Bits Simulated:       640, Bit Error Rate:  0.33, Percent errors found:  42.20
Tuesday, June 28, 2016 10:32:31 AM Total Errors:   212, Errors this iteration:     1, Total Bits Simulated:       648, Bit Error Rate:  0.33, Percent errors found:  42.40
Tuesday, June 28, 2016 10:32:31 AM Total Errors:   213, Errors this iteration:     1, Total Bits Simulated:       650, Bit Error Rate:  0.33, Percent errors found:  42.60
Tuesday, June 28, 2016 10:32:31 AM Total Errors:   214, Errors this iteration:     1, Total Bits Simulated:       662, Bit Error Rate:  0.32, Percent errors found:  42.80
Tuesday, June 28, 2016 10:32:31 AM Total Errors:   215, Errors this iteration:     1, Total Bits Simulated:       664, Bit Error Rate:  0.32, Percent errors found:  43.00
Tuesday, June 28, 2016 10:32:31 AM Total Errors:   216, Errors this iteration:     1, Total Bits Simulated:       668, Bit Error Rate:  0.32, Percent errors found:  43.20
Tuesday, June 28, 2016 10:32:31 AM Total Errors:   217, Errors this iteration:     1, Total Bits Simulated:       672, Bit Error Rate:  0.32, Percent errors found:  43.40
Tuesday, June 28, 2016 10:32:31 AM Total Errors:   219, Errors this iteration:     2, Total Bits Simulated:       674, Bit Error Rate:  0.32, Percent errors found:  43.80
Tuesday, June 28, 2016 10:32:31 AM Total Errors:   220, Errors this iteration:     1, Total Bits Simulated:       682, Bit Error Rate:  0.32, Percent errors found:  44.00
Tuesday, June 28, 2016 10:32:31 AM Total Errors:   221, Errors this iteration:     1, Total Bits Simulated:       684, Bit Error Rate:  0.32, Percent errors found:  44.20
Tuesday, June 28, 2016 10:32:31 AM Total Errors:   222, Errors this iteration:     1, Total Bits Simulated:       686, Bit Error Rate:  0.32, Percent errors found:  44.40
Tuesday, June 28, 2016 10:32:31 AM Total Errors:   224, Errors this iteration:     2, Total Bits Simulated:       694, Bit Error Rate:  0.32, Percent errors found:  44.80
Tuesday, June 28, 2016 10:32:31 AM Total Errors:   225, Errors this iteration:     1, Total Bits Simulated:       696, Bit Error Rate:  0.32, Percent errors found:  45.00
Tuesday, June 28, 2016 10:32:31 AM Total Errors:   226, Errors this iteration:     1, Total Bits Simulated:       702, Bit Error Rate:  0.32, Percent errors found:  45.20
Tuesday, June 28, 2016 10:32:31 AM Total Errors:   227, Errors this iteration:     1, Total Bits Simulated:       706, Bit Error Rate:  0.32, Percent errors found:  45.40
Tuesday, June 28, 2016 10:32:32 AM Total Errors:   229, Errors this iteration:     2, Total Bits Simulated:       708, Bit Error Rate:  0.32, Percent errors found:  45.80
Tuesday, June 28, 2016 10:32:32 AM Total Errors:   230, Errors this iteration:     1, Total Bits Simulated:       710, Bit Error Rate:  0.32, Percent errors found:  46.00
Tuesday, June 28, 2016 10:32:32 AM Total Errors:   231, Errors this iteration:     1, Total Bits Simulated:       712, Bit Error Rate:  0.32, Percent errors found:  46.20
Tuesday, June 28, 2016 10:32:32 AM Total Errors:   232, Errors this iteration:     1, Total Bits Simulated:       714, Bit Error Rate:  0.32, Percent errors found:  46.40
Tuesday, June 28, 2016 10:32:32 AM Total Errors:   234, Errors this iteration:     2, Total Bits Simulated:       716, Bit Error Rate:  0.33, Percent errors found:  46.80
Tuesday, June 28, 2016 10:32:32 AM Total Errors:   235, Errors this iteration:     1, Total Bits Simulated:       718, Bit Error Rate:  0.33, Percent errors found:  47.00
Tuesday, June 28, 2016 10:32:32 AM Total Errors:   236, Errors this iteration:     1, Total Bits Simulated:       720, Bit Error Rate:  0.33, Percent errors found:  47.20
Tuesday, June 28, 2016 10:32:32 AM Total Errors:   237, Errors this iteration:     1, Total Bits Simulated:       726, Bit Error Rate:  0.33, Percent errors found:  47.40
Tuesday, June 28, 2016 10:32:32 AM Total Errors:   238, Errors this iteration:     1, Total Bits Simulated:       730, Bit Error Rate:  0.33, Percent errors found:  47.60
Tuesday, June 28, 2016 10:32:32 AM Total Errors:   239, Errors this iteration:     1, Total Bits Simulated:       732, Bit Error Rate:  0.33, Percent errors found:  47.80
Tuesday, June 28, 2016 10:32:32 AM Total Errors:   240, Errors this iteration:     1, Total Bits Simulated:       736, Bit Error Rate:  0.33, Percent errors found:  48.00
Tuesday, June 28, 2016 10:32:32 AM Total Errors:   241, Errors this iteration:     1, Total Bits Simulated:       738, Bit Error Rate:  0.33, Percent errors found:  48.20
Tuesday, June 28, 2016 10:32:32 AM Total Errors:   242, Errors this iteration:     1, Total Bits Simulated:       740, Bit Error Rate:  0.33, Percent errors found:  48.40
Tuesday, June 28, 2016 10:32:32 AM Total Errors:   243, Errors this iteration:     1, Total Bits Simulated:       742, Bit Error Rate:  0.33, Percent errors found:  48.60
Tuesday, June 28, 2016 10:32:32 AM Total Errors:   245, Errors this iteration:     2, Total Bits Simulated:       744, Bit Error Rate:  0.33, Percent errors found:  49.00
Tuesday, June 28, 2016 10:32:32 AM Total Errors:   247, Errors this iteration:     2, Total Bits Simulated:       746, Bit Error Rate:  0.33, Percent errors found:  49.40
Tuesday, June 28, 2016 10:32:32 AM Total Errors:   248, Errors this iteration:     1, Total Bits Simulated:       748, Bit Error Rate:  0.33, Percent errors found:  49.60
Tuesday, June 28, 2016 10:32:32 AM Total Errors:   249, Errors this iteration:     1, Total Bits Simulated:       754, Bit Error Rate:  0.33, Percent errors found:  49.80
Tuesday, June 28, 2016 10:32:32 AM Total Errors:   251, Errors this iteration:     2, Total Bits Simulated:       758, Bit Error Rate:  0.33, Percent errors found:  50.20
Tuesday, June 28, 2016 10:32:32 AM Total Errors:   252, Errors this iteration:     1, Total Bits Simulated:       760, Bit Error Rate:  0.33, Percent errors found:  50.40
Tuesday, June 28, 2016 10:32:32 AM Total Errors:   253, Errors this iteration:     1, Total Bits Simulated:       762, Bit Error Rate:  0.33, Percent errors found:  50.60
Tuesday, June 28, 2016 10:32:32 AM Total Errors:   254, Errors this iteration:     1, Total Bits Simulated:       764, Bit Error Rate:  0.33, Percent errors found:  50.80
Tuesday, June 28, 2016 10:32:32 AM Total Errors:   255, Errors this iteration:     1, Total Bits Simulated:       766, Bit Error Rate:  0.33, Percent errors found:  51.00
Tuesday, June 28, 2016 10:32:32 AM Total Errors:   256, Errors this iteration:     1, Total Bits Simulated:       772, Bit Error Rate:  0.33, Percent errors found:  51.20
Tuesday, June 28, 2016 10:32:32 AM Total Errors:   257, Errors this iteration:     1, Total Bits Simulated:       774, Bit Error Rate:  0.33, Percent errors found:  51.40
Tuesday, June 28, 2016 10:32:32 AM Total Errors:   259, Errors this iteration:     2, Total Bits Simulated:       776, Bit Error Rate:  0.33, Percent errors found:  51.80
Tuesday, June 28, 2016 10:32:32 AM Total Errors:   260, Errors this iteration:     1, Total Bits Simulated:       778, Bit Error Rate:  0.33, Percent errors found:  52.00
Tuesday, June 28, 2016 10:32:32 AM Total Errors:   261, Errors this iteration:     1, Total Bits Simulated:       780, Bit Error Rate:  0.33, Percent errors found:  52.20
Tuesday, June 28, 2016 10:32:32 AM Total Errors:   263, Errors this iteration:     2, Total Bits Simulated:       782, Bit Error Rate:  0.34, Percent errors found:  52.60
Tuesday, June 28, 2016 10:32:32 AM Total Errors:   264, Errors this iteration:     1, Total Bits Simulated:       784, Bit Error Rate:  0.34, Percent errors found:  52.80
Tuesday, June 28, 2016 10:32:32 AM Total Errors:   265, Errors this iteration:     1, Total Bits Simulated:       786, Bit Error Rate:  0.34, Percent errors found:  53.00
Tuesday, June 28, 2016 10:32:32 AM Total Errors:   267, Errors this iteration:     2, Total Bits Simulated:       788, Bit Error Rate:  0.34, Percent errors found:  53.40
Tuesday, June 28, 2016 10:32:32 AM Total Errors:   268, Errors this iteration:     1, Total Bits Simulated:       790, Bit Error Rate:  0.34, Percent errors found:  53.60
Tuesday, June 28, 2016 10:32:32 AM Total Errors:   269, Errors this iteration:     1, Total Bits Simulated:       792, Bit Error Rate:  0.34, Percent errors found:  53.80
Tuesday, June 28, 2016 10:32:32 AM Total Errors:   270, Errors this iteration:     1, Total Bits Simulated:       806, Bit Error Rate:  0.33, Percent errors found:  54.00
Tuesday, June 28, 2016 10:32:32 AM Total Errors:   271, Errors this iteration:     1, Total Bits Simulated:       808, Bit Error Rate:  0.34, Percent errors found:  54.20
Tuesday, June 28, 2016 10:32:32 AM Total Errors:   272, Errors this iteration:     1, Total Bits Simulated:       812, Bit Error Rate:  0.33, Percent errors found:  54.40
Tuesday, June 28, 2016 10:32:32 AM Total Errors:   273, Errors this iteration:     1, Total Bits Simulated:       816, Bit Error Rate:  0.33, Percent errors found:  54.60
Tuesday, June 28, 2016 10:32:32 AM Total Errors:   275, Errors this iteration:     2, Total Bits Simulated:       820, Bit Error Rate:  0.34, Percent errors found:  55.00
Tuesday, June 28, 2016 10:32:32 AM Total Errors:   276, Errors this iteration:     1, Total Bits Simulated:       822, Bit Error Rate:  0.34, Percent errors found:  55.20
Tuesday, June 28, 2016 10:32:32 AM Total Errors:   277, Errors this iteration:     1, Total Bits Simulated:       828, Bit Error Rate:  0.33, Percent errors found:  55.40
Tuesday, June 28, 2016 10:32:32 AM Total Errors:   278, Errors this iteration:     1, Total Bits Simulated:       830, Bit Error Rate:  0.33, Percent errors found:  55.60
Tuesday, June 28, 2016 10:32:32 AM Total Errors:   279, Errors this iteration:     1, Total Bits Simulated:       836, Bit Error Rate:  0.33, Percent errors found:  55.80
Tuesday, June 28, 2016 10:32:32 AM Total Errors:   280, Errors this iteration:     1, Total Bits Simulated:       838, Bit Error Rate:  0.33, Percent errors found:  56.00
Tuesday, June 28, 2016 10:32:32 AM Total Errors:   282, Errors this iteration:     2, Total Bits Simulated:       840, Bit Error Rate:  0.34, Percent errors found:  56.40
Tuesday, June 28, 2016 10:32:32 AM Total Errors:   283, Errors this iteration:     1, Total Bits Simulated:       842, Bit Error Rate:  0.34, Percent errors found:  56.60
Tuesday, June 28, 2016 10:32:32 AM Total Errors:   284, Errors this iteration:     1, Total Bits Simulated:       848, Bit Error Rate:  0.33, Percent errors found:  56.80
Tuesday, June 28, 2016 10:32:32 AM Total Errors:   286, Errors this iteration:     2, Total Bits Simulated:       850, Bit Error Rate:  0.34, Percent errors found:  57.20
Tuesday, June 28, 2016 10:32:32 AM Total Errors:   287, Errors this iteration:     1, Total Bits Simulated:       854, Bit Error Rate:  0.34, Percent errors found:  57.40
Tuesday, June 28, 2016 10:32:32 AM Total Errors:   289, Errors this iteration:     2, Total Bits Simulated:       860, Bit Error Rate:  0.34, Percent errors found:  57.80
Tuesday, June 28, 2016 10:32:32 AM Total Errors:   290, Errors this iteration:     1, Total Bits Simulated:       868, Bit Error Rate:  0.33, Percent errors found:  58.00
Tuesday, June 28, 2016 10:32:32 AM Total Errors:   291, Errors this iteration:     1, Total Bits Simulated:       872, Bit Error Rate:  0.33, Percent errors found:  58.20
Tuesday, June 28, 2016 10:32:32 AM Total Errors:   292, Errors this iteration:     1, Total Bits Simulated:       878, Bit Error Rate:  0.33, Percent errors found:  58.40
Tuesday, June 28, 2016 10:32:32 AM Total Errors:   293, Errors this iteration:     1, Total Bits Simulated:       882, Bit Error Rate:  0.33, Percent errors found:  58.60
Tuesday, June 28, 2016 10:32:32 AM Total Errors:   294, Errors this iteration:     1, Total Bits Simulated:       886, Bit Error Rate:  0.33, Percent errors found:  58.80
Tuesday, June 28, 2016 10:32:32 AM Total Errors:   295, Errors this iteration:     1, Total Bits Simulated:       890, Bit Error Rate:  0.33, Percent errors found:  59.00
Tuesday, June 28, 2016 10:32:32 AM Total Errors:   296, Errors this iteration:     1, Total Bits Simulated:       898, Bit Error Rate:  0.33, Percent errors found:  59.20
Tuesday, June 28, 2016 10:32:32 AM Total Errors:   298, Errors this iteration:     2, Total Bits Simulated:       900, Bit Error Rate:  0.33, Percent errors found:  59.60
Tuesday, June 28, 2016 10:32:32 AM Total Errors:   299, Errors this iteration:     1, Total Bits Simulated:       904, Bit Error Rate:  0.33, Percent errors found:  59.80
Tuesday, June 28, 2016 10:32:32 AM Total Errors:   300, Errors this iteration:     1, Total Bits Simulated:       906, Bit Error Rate:  0.33, Percent errors found:  60.00
Tuesday, June 28, 2016 10:32:32 AM Total Errors:   302, Errors this iteration:     2, Total Bits Simulated:       908, Bit Error Rate:  0.33, Percent errors found:  60.40
Tuesday, June 28, 2016 10:32:32 AM Total Errors:   303, Errors this iteration:     1, Total Bits Simulated:       912, Bit Error Rate:  0.33, Percent errors found:  60.60
Tuesday, June 28, 2016 10:32:32 AM Total Errors:   305, Errors this iteration:     2, Total Bits Simulated:       918, Bit Error Rate:  0.33, Percent errors found:  61.00
Tuesday, June 28, 2016 10:32:32 AM Total Errors:   306, Errors this iteration:     1, Total Bits Simulated:       928, Bit Error Rate:  0.33, Percent errors found:  61.20
Tuesday, June 28, 2016 10:32:32 AM Total Errors:   308, Errors this iteration:     2, Total Bits Simulated:       930, Bit Error Rate:  0.33, Percent errors found:  61.60
Tuesday, June 28, 2016 10:32:32 AM Total Errors:   309, Errors this iteration:     1, Total Bits Simulated:       936, Bit Error Rate:  0.33, Percent errors found:  61.80
Tuesday, June 28, 2016 10:32:32 AM Total Errors:   310, Errors this iteration:     1, Total Bits Simulated:       940, Bit Error Rate:  0.33, Percent errors found:  62.00
Tuesday, June 28, 2016 10:32:32 AM Total Errors:   311, Errors this iteration:     1, Total Bits Simulated:       942, Bit Error Rate:  0.33, Percent errors found:  62.20
Tuesday, June 28, 2016 10:32:32 AM Total Errors:   312, Errors this iteration:     1, Total Bits Simulated:       944, Bit Error Rate:  0.33, Percent errors found:  62.40
Tuesday, June 28, 2016 10:32:32 AM Total Errors:   313, Errors this iteration:     1, Total Bits Simulated:       946, Bit Error Rate:  0.33, Percent errors found:  62.60
Tuesday, June 28, 2016 10:32:32 AM Total Errors:   314, Errors this iteration:     1, Total Bits Simulated:       950, Bit Error Rate:  0.33, Percent errors found:  62.80
Tuesday, June 28, 2016 10:32:32 AM Total Errors:   315, Errors this iteration:     1, Total Bits Simulated:       952, Bit Error Rate:  0.33, Percent errors found:  63.00
Tuesday, June 28, 2016 10:32:32 AM Total Errors:   316, Errors this iteration:     1, Total Bits Simulated:       960, Bit Error Rate:  0.33, Percent errors found:  63.20
Tuesday, June 28, 2016 10:32:32 AM Total Errors:   317, Errors this iteration:     1, Total Bits Simulated:       962, Bit Error Rate:  0.33, Percent errors found:  63.40
Tuesday, June 28, 2016 10:32:32 AM Total Errors:   318, Errors this iteration:     1, Total Bits Simulated:       964, Bit Error Rate:  0.33, Percent errors found:  63.60
Tuesday, June 28, 2016 10:32:32 AM Total Errors:   319, Errors this iteration:     1, Total Bits Simulated:       974, Bit Error Rate:  0.33, Percent errors found:  63.80
Tuesday, June 28, 2016 10:32:32 AM Total Errors:   320, Errors this iteration:     1, Total Bits Simulated:       976, Bit Error Rate:  0.33, Percent errors found:  64.00
Tuesday, June 28, 2016 10:32:32 AM Total Errors:   321, Errors this iteration:     1, Total Bits Simulated:       978, Bit Error Rate:  0.33, Percent errors found:  64.20
Tuesday, June 28, 2016 10:32:32 AM Total Errors:   322, Errors this iteration:     1, Total Bits Simulated:       984, Bit Error Rate:  0.33, Percent errors found:  64.40
Tuesday, June 28, 2016 10:32:32 AM Total Errors:   323, Errors this iteration:     1, Total Bits Simulated:       990, Bit Error Rate:  0.33, Percent errors found:  64.60
Tuesday, June 28, 2016 10:32:32 AM Total Errors:   324, Errors this iteration:     1, Total Bits Simulated:       996, Bit Error Rate:  0.33, Percent errors found:  64.80
Tuesday, June 28, 2016 10:32:32 AM Total Errors:   325, Errors this iteration:     1, Total Bits Simulated:       998, Bit Error Rate:  0.33, Percent errors found:  65.00
Tuesday, June 28, 2016 10:32:32 AM Total Errors:   326, Errors this iteration:     1, Total Bits Simulated:      1000, Bit Error Rate:  0.33, Percent errors found:  65.20
Tuesday, June 28, 2016 10:32:32 AM Total Errors:   327, Errors this iteration:     1, Total Bits Simulated:      1006, Bit Error Rate:  0.33, Percent errors found:  65.40
Tuesday, June 28, 2016 10:32:32 AM Total Errors:   328, Errors this iteration:     1, Total Bits Simulated:      1008, Bit Error Rate:  0.33, Percent errors found:  65.60
Tuesday, June 28, 2016 10:32:33 AM Total Errors:   329, Errors this iteration:     1, Total Bits Simulated:      1010, Bit Error Rate:  0.33, Percent errors found:  65.80
Tuesday, June 28, 2016 10:32:33 AM Total Errors:   330, Errors this iteration:     1, Total Bits Simulated:      1012, Bit Error Rate:  0.33, Percent errors found:  66.00
Tuesday, June 28, 2016 10:32:33 AM Total Errors:   332, Errors this iteration:     2, Total Bits Simulated:      1016, Bit Error Rate:  0.33, Percent errors found:  66.40
Tuesday, June 28, 2016 10:32:33 AM Total Errors:   333, Errors this iteration:     1, Total Bits Simulated:      1022, Bit Error Rate:  0.33, Percent errors found:  66.60
Tuesday, June 28, 2016 10:32:33 AM Total Errors:   334, Errors this iteration:     1, Total Bits Simulated:      1024, Bit Error Rate:  0.33, Percent errors found:  66.80
Tuesday, June 28, 2016 10:32:33 AM Total Errors:   336, Errors this iteration:     2, Total Bits Simulated:      1028, Bit Error Rate:  0.33, Percent errors found:  67.20
Tuesday, June 28, 2016 10:32:33 AM Total Errors:   338, Errors this iteration:     2, Total Bits Simulated:      1032, Bit Error Rate:  0.33, Percent errors found:  67.60
Tuesday, June 28, 2016 10:32:33 AM Total Errors:   339, Errors this iteration:     1, Total Bits Simulated:      1034, Bit Error Rate:  0.33, Percent errors found:  67.80
Tuesday, June 28, 2016 10:32:33 AM Total Errors:   340, Errors this iteration:     1, Total Bits Simulated:      1036, Bit Error Rate:  0.33, Percent errors found:  68.00
Tuesday, June 28, 2016 10:32:33 AM Total Errors:   341, Errors this iteration:     1, Total Bits Simulated:      1038, Bit Error Rate:  0.33, Percent errors found:  68.20
Tuesday, June 28, 2016 10:32:33 AM Total Errors:   342, Errors this iteration:     1, Total Bits Simulated:      1042, Bit Error Rate:  0.33, Percent errors found:  68.40
Tuesday, June 28, 2016 10:32:33 AM Total Errors:   343, Errors this iteration:     1, Total Bits Simulated:      1044, Bit Error Rate:  0.33, Percent errors found:  68.60
Tuesday, June 28, 2016 10:32:33 AM Total Errors:   345, Errors this iteration:     2, Total Bits Simulated:      1052, Bit Error Rate:  0.33, Percent errors found:  69.00
Tuesday, June 28, 2016 10:32:33 AM Total Errors:   346, Errors this iteration:     1, Total Bits Simulated:      1054, Bit Error Rate:  0.33, Percent errors found:  69.20
Tuesday, June 28, 2016 10:32:33 AM Total Errors:   347, Errors this iteration:     1, Total Bits Simulated:      1056, Bit Error Rate:  0.33, Percent errors found:  69.40
Tuesday, June 28, 2016 10:32:33 AM Total Errors:   348, Errors this iteration:     1, Total Bits Simulated:      1060, Bit Error Rate:  0.33, Percent errors found:  69.60
Tuesday, June 28, 2016 10:32:33 AM Total Errors:   350, Errors this iteration:     2, Total Bits Simulated:      1066, Bit Error Rate:  0.33, Percent errors found:  70.00
Tuesday, June 28, 2016 10:32:33 AM Total Errors:   351, Errors this iteration:     1, Total Bits Simulated:      1076, Bit Error Rate:  0.33, Percent errors found:  70.20
Tuesday, June 28, 2016 10:32:33 AM Total Errors:   352, Errors this iteration:     1, Total Bits Simulated:      1080, Bit Error Rate:  0.33, Percent errors found:  70.40
Tuesday, June 28, 2016 10:32:33 AM Total Errors:   353, Errors this iteration:     1, Total Bits Simulated:      1082, Bit Error Rate:  0.33, Percent errors found:  70.60
Tuesday, June 28, 2016 10:32:33 AM Total Errors:   354, Errors this iteration:     1, Total Bits Simulated:      1086, Bit Error Rate:  0.33, Percent errors found:  70.80
Tuesday, June 28, 2016 10:32:33 AM Total Errors:   356, Errors this iteration:     2, Total Bits Simulated:      1088, Bit Error Rate:  0.33, Percent errors found:  71.20
Tuesday, June 28, 2016 10:32:33 AM Total Errors:   357, Errors this iteration:     1, Total Bits Simulated:      1100, Bit Error Rate:  0.32, Percent errors found:  71.40
Tuesday, June 28, 2016 10:32:33 AM Total Errors:   358, Errors this iteration:     1, Total Bits Simulated:      1102, Bit Error Rate:  0.32, Percent errors found:  71.60
Tuesday, June 28, 2016 10:32:33 AM Total Errors:   359, Errors this iteration:     1, Total Bits Simulated:      1104, Bit Error Rate:  0.33, Percent errors found:  71.80
Tuesday, June 28, 2016 10:32:33 AM Total Errors:   361, Errors this iteration:     2, Total Bits Simulated:      1106, Bit Error Rate:  0.33, Percent errors found:  72.20
Tuesday, June 28, 2016 10:32:33 AM Total Errors:   362, Errors this iteration:     1, Total Bits Simulated:      1116, Bit Error Rate:  0.32, Percent errors found:  72.40
Tuesday, June 28, 2016 10:32:33 AM Total Errors:   363, Errors this iteration:     1, Total Bits Simulated:      1118, Bit Error Rate:  0.32, Percent errors found:  72.60
Tuesday, June 28, 2016 10:32:33 AM Total Errors:   364, Errors this iteration:     1, Total Bits Simulated:      1124, Bit Error Rate:  0.32, Percent errors found:  72.80
Tuesday, June 28, 2016 10:32:33 AM Total Errors:   365, Errors this iteration:     1, Total Bits Simulated:      1126, Bit Error Rate:  0.32, Percent errors found:  73.00
Tuesday, June 28, 2016 10:32:33 AM Total Errors:   366, Errors this iteration:     1, Total Bits Simulated:      1128, Bit Error Rate:  0.32, Percent errors found:  73.20
Tuesday, June 28, 2016 10:32:33 AM Total Errors:   367, Errors this iteration:     1, Total Bits Simulated:      1132, Bit Error Rate:  0.32, Percent errors found:  73.40
Tuesday, June 28, 2016 10:32:33 AM Total Errors:   368, Errors this iteration:     1, Total Bits Simulated:      1134, Bit Error Rate:  0.32, Percent errors found:  73.60
Tuesday, June 28, 2016 10:32:33 AM Total Errors:   369, Errors this iteration:     1, Total Bits Simulated:      1138, Bit Error Rate:  0.32, Percent errors found:  73.80
Tuesday, June 28, 2016 10:32:33 AM Total Errors:   370, Errors this iteration:     1, Total Bits Simulated:      1140, Bit Error Rate:  0.32, Percent errors found:  74.00
Tuesday, June 28, 2016 10:32:33 AM Total Errors:   371, Errors this iteration:     1, Total Bits Simulated:      1142, Bit Error Rate:  0.32, Percent errors found:  74.20
Tuesday, June 28, 2016 10:32:33 AM Total Errors:   373, Errors this iteration:     2, Total Bits Simulated:      1144, Bit Error Rate:  0.33, Percent errors found:  74.60
Tuesday, June 28, 2016 10:32:33 AM Total Errors:   374, Errors this iteration:     1, Total Bits Simulated:      1150, Bit Error Rate:  0.33, Percent errors found:  74.80
Tuesday, June 28, 2016 10:32:33 AM Total Errors:   376, Errors this iteration:     2, Total Bits Simulated:      1152, Bit Error Rate:  0.33, Percent errors found:  75.20
Tuesday, June 28, 2016 10:32:33 AM Total Errors:   377, Errors this iteration:     1, Total Bits Simulated:      1160, Bit Error Rate:  0.33, Percent errors found:  75.40
Tuesday, June 28, 2016 10:32:33 AM Total Errors:   378, Errors this iteration:     1, Total Bits Simulated:      1162, Bit Error Rate:  0.33, Percent errors found:  75.60
Tuesday, June 28, 2016 10:32:33 AM Total Errors:   379, Errors this iteration:     1, Total Bits Simulated:      1164, Bit Error Rate:  0.33, Percent errors found:  75.80
Tuesday, June 28, 2016 10:32:33 AM Total Errors:   380, Errors this iteration:     1, Total Bits Simulated:      1170, Bit Error Rate:  0.32, Percent errors found:  76.00
Tuesday, June 28, 2016 10:32:33 AM Total Errors:   381, Errors this iteration:     1, Total Bits Simulated:      1174, Bit Error Rate:  0.32, Percent errors found:  76.20
Tuesday, June 28, 2016 10:32:33 AM Total Errors:   382, Errors this iteration:     1, Total Bits Simulated:      1176, Bit Error Rate:  0.32, Percent errors found:  76.40
Tuesday, June 28, 2016 10:32:33 AM Total Errors:   383, Errors this iteration:     1, Total Bits Simulated:      1180, Bit Error Rate:  0.32, Percent errors found:  76.60
Tuesday, June 28, 2016 10:32:33 AM Total Errors:   384, Errors this iteration:     1, Total Bits Simulated:      1182, Bit Error Rate:  0.32, Percent errors found:  76.80
Tuesday, June 28, 2016 10:32:33 AM Total Errors:   385, Errors this iteration:     1, Total Bits Simulated:      1186, Bit Error Rate:  0.32, Percent errors found:  77.00
Tuesday, June 28, 2016 10:32:33 AM Total Errors:   386, Errors this iteration:     1, Total Bits Simulated:      1192, Bit Error Rate:  0.32, Percent errors found:  77.20
Tuesday, June 28, 2016 10:32:33 AM Total Errors:   388, Errors this iteration:     2, Total Bits Simulated:      1194, Bit Error Rate:  0.32, Percent errors found:  77.60
Tuesday, June 28, 2016 10:32:33 AM Total Errors:   389, Errors this iteration:     1, Total Bits Simulated:      1202, Bit Error Rate:  0.32, Percent errors found:  77.80
Tuesday, June 28, 2016 10:32:33 AM Total Errors:   390, Errors this iteration:     1, Total Bits Simulated:      1206, Bit Error Rate:  0.32, Percent errors found:  78.00
Tuesday, June 28, 2016 10:32:33 AM Total Errors:   392, Errors this iteration:     2, Total Bits Simulated:      1214, Bit Error Rate:  0.32, Percent errors found:  78.40
Tuesday, June 28, 2016 10:32:33 AM Total Errors:   393, Errors this iteration:     1, Total Bits Simulated:      1224, Bit Error Rate:  0.32, Percent errors found:  78.60
Tuesday, June 28, 2016 10:32:33 AM Total Errors:   394, Errors this iteration:     1, Total Bits Simulated:      1226, Bit Error Rate:  0.32, Percent errors found:  78.80
Tuesday, June 28, 2016 10:32:33 AM Total Errors:   395, Errors this iteration:     1, Total Bits Simulated:      1230, Bit Error Rate:  0.32, Percent errors found:  79.00
Tuesday, June 28, 2016 10:32:33 AM Total Errors:   396, Errors this iteration:     1, Total Bits Simulated:      1232, Bit Error Rate:  0.32, Percent errors found:  79.20
Tuesday, June 28, 2016 10:32:33 AM Total Errors:   398, Errors this iteration:     2, Total Bits Simulated:      1234, Bit Error Rate:  0.32, Percent errors found:  79.60
Tuesday, June 28, 2016 10:32:33 AM Total Errors:   400, Errors this iteration:     2, Total Bits Simulated:      1236, Bit Error Rate:  0.32, Percent errors found:  80.00
Tuesday, June 28, 2016 10:32:33 AM Total Errors:   401, Errors this iteration:     1, Total Bits Simulated:      1238, Bit Error Rate:  0.32, Percent errors found:  80.20
Tuesday, June 28, 2016 10:32:33 AM Total Errors:   402, Errors this iteration:     1, Total Bits Simulated:      1240, Bit Error Rate:  0.32, Percent errors found:  80.40
Tuesday, June 28, 2016 10:32:33 AM Total Errors:   403, Errors this iteration:     1, Total Bits Simulated:      1242, Bit Error Rate:  0.32, Percent errors found:  80.60
Tuesday, June 28, 2016 10:32:33 AM Total Errors:   405, Errors this iteration:     2, Total Bits Simulated:      1246, Bit Error Rate:  0.33, Percent errors found:  81.00
Tuesday, June 28, 2016 10:32:33 AM Total Errors:   406, Errors this iteration:     1, Total Bits Simulated:      1248, Bit Error Rate:  0.33, Percent errors found:  81.20
Tuesday, June 28, 2016 10:32:33 AM Total Errors:   407, Errors this iteration:     1, Total Bits Simulated:      1252, Bit Error Rate:  0.33, Percent errors found:  81.40
Tuesday, June 28, 2016 10:32:33 AM Total Errors:   408, Errors this iteration:     1, Total Bits Simulated:      1254, Bit Error Rate:  0.33, Percent errors found:  81.60
Tuesday, June 28, 2016 10:32:33 AM Total Errors:   410, Errors this iteration:     2, Total Bits Simulated:      1260, Bit Error Rate:  0.33, Percent errors found:  82.00
Tuesday, June 28, 2016 10:32:33 AM Total Errors:   411, Errors this iteration:     1, Total Bits Simulated:      1266, Bit Error Rate:  0.32, Percent errors found:  82.20
Tuesday, June 28, 2016 10:32:33 AM Total Errors:   412, Errors this iteration:     1, Total Bits Simulated:      1268, Bit Error Rate:  0.32, Percent errors found:  82.40
Tuesday, June 28, 2016 10:32:33 AM Total Errors:   413, Errors this iteration:     1, Total Bits Simulated:      1270, Bit Error Rate:  0.33, Percent errors found:  82.60
Tuesday, June 28, 2016 10:32:33 AM Total Errors:   414, Errors this iteration:     1, Total Bits Simulated:      1274, Bit Error Rate:  0.32, Percent errors found:  82.80
Tuesday, June 28, 2016 10:32:33 AM Total Errors:   415, Errors this iteration:     1, Total Bits Simulated:      1276, Bit Error Rate:  0.33, Percent errors found:  83.00
Tuesday, June 28, 2016 10:32:33 AM Total Errors:   417, Errors this iteration:     2, Total Bits Simulated:      1280, Bit Error Rate:  0.33, Percent errors found:  83.40
Tuesday, June 28, 2016 10:32:33 AM Total Errors:   418, Errors this iteration:     1, Total Bits Simulated:      1282, Bit Error Rate:  0.33, Percent errors found:  83.60
Tuesday, June 28, 2016 10:32:33 AM Total Errors:   419, Errors this iteration:     1, Total Bits Simulated:      1286, Bit Error Rate:  0.33, Percent errors found:  83.80
Tuesday, June 28, 2016 10:32:33 AM Total Errors:   420, Errors this iteration:     1, Total Bits Simulated:      1290, Bit Error Rate:  0.33, Percent errors found:  84.00
Tuesday, June 28, 2016 10:32:33 AM Total Errors:   421, Errors this iteration:     1, Total Bits Simulated:      1292, Bit Error Rate:  0.33, Percent errors found:  84.20
Tuesday, June 28, 2016 10:32:33 AM Total Errors:   422, Errors this iteration:     1, Total Bits Simulated:      1296, Bit Error Rate:  0.33, Percent errors found:  84.40
Tuesday, June 28, 2016 10:32:33 AM Total Errors:   423, Errors this iteration:     1, Total Bits Simulated:      1302, Bit Error Rate:  0.32, Percent errors found:  84.60
Tuesday, June 28, 2016 10:32:33 AM Total Errors:   424, Errors this iteration:     1, Total Bits Simulated:      1304, Bit Error Rate:  0.33, Percent errors found:  84.80
Tuesday, June 28, 2016 10:32:34 AM Total Errors:   425, Errors this iteration:     1, Total Bits Simulated:      1306, Bit Error Rate:  0.33, Percent errors found:  85.00
Tuesday, June 28, 2016 10:32:34 AM Total Errors:   426, Errors this iteration:     1, Total Bits Simulated:      1310, Bit Error Rate:  0.33, Percent errors found:  85.20
Tuesday, June 28, 2016 10:32:34 AM Total Errors:   427, Errors this iteration:     1, Total Bits Simulated:      1318, Bit Error Rate:  0.32, Percent errors found:  85.40
Tuesday, June 28, 2016 10:32:34 AM Total Errors:   428, Errors this iteration:     1, Total Bits Simulated:      1320, Bit Error Rate:  0.32, Percent errors found:  85.60
Tuesday, June 28, 2016 10:32:34 AM Total Errors:   429, Errors this iteration:     1, Total Bits Simulated:      1322, Bit Error Rate:  0.32, Percent errors found:  85.80
Tuesday, June 28, 2016 10:32:34 AM Total Errors:   430, Errors this iteration:     1, Total Bits Simulated:      1324, Bit Error Rate:  0.32, Percent errors found:  86.00
Tuesday, June 28, 2016 10:32:34 AM Total Errors:   432, Errors this iteration:     2, Total Bits Simulated:      1328, Bit Error Rate:  0.33, Percent errors found:  86.40
Tuesday, June 28, 2016 10:32:34 AM Total Errors:   433, Errors this iteration:     1, Total Bits Simulated:      1332, Bit Error Rate:  0.33, Percent errors found:  86.60
Tuesday, June 28, 2016 10:32:34 AM Total Errors:   434, Errors this iteration:     1, Total Bits Simulated:      1334, Bit Error Rate:  0.33, Percent errors found:  86.80
Tuesday, June 28, 2016 10:32:34 AM Total Errors:   436, Errors this iteration:     2, Total Bits Simulated:      1336, Bit Error Rate:  0.33, Percent errors found:  87.20
Tuesday, June 28, 2016 10:32:34 AM Total Errors:   437, Errors this iteration:     1, Total Bits Simulated:      1346, Bit Error Rate:  0.32, Percent errors found:  87.40
Tuesday, June 28, 2016 10:32:34 AM Total Errors:   438, Errors this iteration:     1, Total Bits Simulated:      1348, Bit Error Rate:  0.32, Percent errors found:  87.60
Tuesday, June 28, 2016 10:32:34 AM Total Errors:   439, Errors this iteration:     1, Total Bits Simulated:      1350, Bit Error Rate:  0.33, Percent errors found:  87.80
Tuesday, June 28, 2016 10:32:34 AM Total Errors:   440, Errors this iteration:     1, Total Bits Simulated:      1354, Bit Error Rate:  0.32, Percent errors found:  88.00
Tuesday, June 28, 2016 10:32:34 AM Total Errors:   441, Errors this iteration:     1, Total Bits Simulated:      1356, Bit Error Rate:  0.33, Percent errors found:  88.20
Tuesday, June 28, 2016 10:32:34 AM Total Errors:   442, Errors this iteration:     1, Total Bits Simulated:      1358, Bit Error Rate:  0.33, Percent errors found:  88.40
Tuesday, June 28, 2016 10:32:34 AM Total Errors:   443, Errors this iteration:     1, Total Bits Simulated:      1364, Bit Error Rate:  0.32, Percent errors found:  88.60
Tuesday, June 28, 2016 10:32:34 AM Total Errors:   444, Errors this iteration:     1, Total Bits Simulated:      1368, Bit Error Rate:  0.32, Percent errors found:  88.80
Tuesday, June 28, 2016 10:32:34 AM Total Errors:   445, Errors this iteration:     1, Total Bits Simulated:      1372, Bit Error Rate:  0.32, Percent errors found:  89.00
Tuesday, June 28, 2016 10:32:34 AM Total Errors:   447, Errors this iteration:     2, Total Bits Simulated:      1374, Bit Error Rate:  0.33, Percent errors found:  89.40
Tuesday, June 28, 2016 10:32:34 AM Total Errors:   449, Errors this iteration:     2, Total Bits Simulated:      1376, Bit Error Rate:  0.33, Percent errors found:  89.80
Tuesday, June 28, 2016 10:32:34 AM Total Errors:   451, Errors this iteration:     2, Total Bits Simulated:      1378, Bit Error Rate:  0.33, Percent errors found:  90.20
Tuesday, June 28, 2016 10:32:34 AM Total Errors:   452, Errors this iteration:     1, Total Bits Simulated:      1386, Bit Error Rate:  0.33, Percent errors found:  90.40
Tuesday, June 28, 2016 10:32:34 AM Total Errors:   453, Errors this iteration:     1, Total Bits Simulated:      1388, Bit Error Rate:  0.33, Percent errors found:  90.60
Tuesday, June 28, 2016 10:32:34 AM Total Errors:   455, Errors this iteration:     2, Total Bits Simulated:      1392, Bit Error Rate:  0.33, Percent errors found:  91.00
Tuesday, June 28, 2016 10:32:34 AM Total Errors:   456, Errors this iteration:     1, Total Bits Simulated:      1394, Bit Error Rate:  0.33, Percent errors found:  91.20
Tuesday, June 28, 2016 10:32:34 AM Total Errors:   457, Errors this iteration:     1, Total Bits Simulated:      1398, Bit Error Rate:  0.33, Percent errors found:  91.40
Tuesday, June 28, 2016 10:32:34 AM Total Errors:   458, Errors this iteration:     1, Total Bits Simulated:      1410, Bit Error Rate:  0.32, Percent errors found:  91.60
Tuesday, June 28, 2016 10:32:34 AM Total Errors:   459, Errors this iteration:     1, Total Bits Simulated:      1412, Bit Error Rate:  0.33, Percent errors found:  91.80
Tuesday, June 28, 2016 10:32:34 AM Total Errors:   460, Errors this iteration:     1, Total Bits Simulated:      1414, Bit Error Rate:  0.33, Percent errors found:  92.00
Tuesday, June 28, 2016 10:32:34 AM Total Errors:   461, Errors this iteration:     1, Total Bits Simulated:      1416, Bit Error Rate:  0.33, Percent errors found:  92.20
Tuesday, June 28, 2016 10:32:34 AM Total Errors:   462, Errors this iteration:     1, Total Bits Simulated:      1420, Bit Error Rate:  0.33, Percent errors found:  92.40
Tuesday, June 28, 2016 10:32:34 AM Total Errors:   463, Errors this iteration:     1, Total Bits Simulated:      1422, Bit Error Rate:  0.33, Percent errors found:  92.60
Tuesday, June 28, 2016 10:32:34 AM Total Errors:   465, Errors this iteration:     2, Total Bits Simulated:      1424, Bit Error Rate:  0.33, Percent errors found:  93.00
Tuesday, June 28, 2016 10:32:34 AM Total Errors:   466, Errors this iteration:     1, Total Bits Simulated:      1426, Bit Error Rate:  0.33, Percent errors found:  93.20
Tuesday, June 28, 2016 10:32:34 AM Total Errors:   467, Errors this iteration:     1, Total Bits Simulated:      1428, Bit Error Rate:  0.33, Percent errors found:  93.40
Tuesday, June 28, 2016 10:32:34 AM Total Errors:   468, Errors this iteration:     1, Total Bits Simulated:      1432, Bit Error Rate:  0.33, Percent errors found:  93.60
Tuesday, June 28, 2016 10:32:34 AM Total Errors:   470, Errors this iteration:     2, Total Bits Simulated:      1436, Bit Error Rate:  0.33, Percent errors found:  94.00
Tuesday, June 28, 2016 10:32:34 AM Total Errors:   471, Errors this iteration:     1, Total Bits Simulated:      1442, Bit Error Rate:  0.33, Percent errors found:  94.20
Tuesday, June 28, 2016 10:32:34 AM Total Errors:   472, Errors this iteration:     1, Total Bits Simulated:      1446, Bit Error Rate:  0.33, Percent errors found:  94.40
Tuesday, June 28, 2016 10:32:34 AM Total Errors:   473, Errors this iteration:     1, Total Bits Simulated:      1454, Bit Error Rate:  0.33, Percent errors found:  94.60
Tuesday, June 28, 2016 10:32:34 AM Total Errors:   474, Errors this iteration:     1, Total Bits Simulated:      1456, Bit Error Rate:  0.33, Percent errors found:  94.80
Tuesday, June 28, 2016 10:32:34 AM Total Errors:   476, Errors this iteration:     2, Total Bits Simulated:      1460, Bit Error Rate:  0.33, Percent errors found:  95.20
Tuesday, June 28, 2016 10:32:34 AM Total Errors:   477, Errors this iteration:     1, Total Bits Simulated:      1464, Bit Error Rate:  0.33, Percent errors found:  95.40
Tuesday, June 28, 2016 10:32:34 AM Total Errors:   478, Errors this iteration:     1, Total Bits Simulated:      1466, Bit Error Rate:  0.33, Percent errors found:  95.60
Tuesday, June 28, 2016 10:32:34 AM Total Errors:   479, Errors this iteration:     1, Total Bits Simulated:      1468, Bit Error Rate:  0.33, Percent errors found:  95.80
Tuesday, June 28, 2016 10:32:34 AM Total Errors:   480, Errors this iteration:     1, Total Bits Simulated:      1474, Bit Error Rate:  0.33, Percent errors found:  96.00
Tuesday, June 28, 2016 10:32:34 AM Total Errors:   481, Errors this iteration:     1, Total Bits Simulated:      1476, Bit Error Rate:  0.33, Percent errors found:  96.20
Tuesday, June 28, 2016 10:32:34 AM Total Errors:   483, Errors this iteration:     2, Total Bits Simulated:      1480, Bit Error Rate:  0.33, Percent errors found:  96.60
Tuesday, June 28, 2016 10:32:34 AM Total Errors:   484, Errors this iteration:     1, Total Bits Simulated:      1482, Bit Error Rate:  0.33, Percent errors found:  96.80
Tuesday, June 28, 2016 10:32:34 AM Total Errors:   486, Errors this iteration:     2, Total Bits Simulated:      1484, Bit Error Rate:  0.33, Percent errors found:  97.20
Tuesday, June 28, 2016 10:32:34 AM Total Errors:   487, Errors this iteration:     1, Total Bits Simulated:      1486, Bit Error Rate:  0.33, Percent errors found:  97.40
Tuesday, June 28, 2016 10:32:34 AM Total Errors:   489, Errors this iteration:     2, Total Bits Simulated:      1488, Bit Error Rate:  0.33, Percent errors found:  97.80
Tuesday, June 28, 2016 10:32:34 AM Total Errors:   490, Errors this iteration:     1, Total Bits Simulated:      1492, Bit Error Rate:  0.33, Percent errors found:  98.00
Tuesday, June 28, 2016 10:32:34 AM Total Errors:   491, Errors this iteration:     1, Total Bits Simulated:      1496, Bit Error Rate:  0.33, Percent errors found:  98.20
Tuesday, June 28, 2016 10:32:34 AM Total Errors:   493, Errors this iteration:     2, Total Bits Simulated:      1504, Bit Error Rate:  0.33, Percent errors found:  98.60
Tuesday, June 28, 2016 10:32:34 AM Total Errors:   495, Errors this iteration:     2, Total Bits Simulated:      1508, Bit Error Rate:  0.33, Percent errors found:  99.00
Tuesday, June 28, 2016 10:32:34 AM Total Errors:   496, Errors this iteration:     1, Total Bits Simulated:      1510, Bit Error Rate:  0.33, Percent errors found:  99.20
Tuesday, June 28, 2016 10:32:34 AM Total Errors:   497, Errors this iteration:     1, Total Bits Simulated:      1514, Bit Error Rate:  0.33, Percent errors found:  99.40
Tuesday, June 28, 2016 10:32:34 AM Total Errors:   499, Errors this iteration:     2, Total Bits Simulated:      1516, Bit Error Rate:  0.33, Percent errors found:  99.80
Tuesday, June 28, 2016 10:32:34 AM Total Errors:   500, Errors this iteration:     1, Total Bits Simulated:      1520, Bit Error Rate:  0.33, Percent errors found:  100.00
Completed simulation at Tuesday, June 28, 2016 10:32:34 AM.
The simulation took: 00:00:04.7590727